User,Context,Amount,acousticness,danceability,energy,instrumentalness,key,liveness,loudness,speechiness,tempo,valence
1001,sunny,3,0.25200,1.52900,2.61000,0.00570,17,0.72200,2.49100,0.22330,2.03810,1.59100
1001,snowing,1,0.82900,0.52400,0.25800,0.00160,4,0.32800,0.62930,0.02870,0.50880,0.34900
1001,rainy,1,0.09910,0.75500,0.83700,0.00000,2,0.28900,0.93200,0.14200,0.54560,0.71400
1001,cloudy,2,0.92810,1.27900,1.09500,0.00160,6,0.61700,1.56130,0.17070,1.05440,1.06300
1001,traffic jam,1,0.07170,0.51600,0.76400,0.00000,2,0.11500,0.84440,0.03660,0.67280,0.37600
1001,lots of cars,1,0.11100,0.76300,0.69300,0.00000,5,0.10100,0.90070,0.04380,0.52230,0.39900
1001,sleepy,2,0.43030,0.97200,1.11900,0.08620,14,0.43000,1.67860,0.10230,1.19080,0.18090
1001,awake,3,0.99080,1.42500,1.46800,0.08620,19,0.59800,2.26000,0.33070,1.58140,1.12890
1001,city,1,0.15200,0.71500,0.95100,0.00000,6,0.30200,0.83780,0.13200,0.57560,0.67100
1001,night,2,0.12430,1.09800,1.12200,0.08620,10,0.32000,1.65960,0.07680,1.07520,0.47690
1001,morning,2,0.52800,1.40000,1.38300,0.00000,14,0.31200,1.82040,0.11310,1.16020,0.50200
1001,sad,1,0.07170,0.51600,0.76400,0.00000,2,0.11500,0.84440,0.03660,0.67280,0.37600
1001,lazy,2,0.02980,0.84200,1.76500,0.00570,17,0.55100,1.65620,0.31470,1.38050,1.04600
1001,active,1,0.97600,0.54600,0.16900,0.00000,6,0.13300,0.65370,0.03770,0.43770,0.54900
1001,urban,1,0.97600,0.54600,0.16900,0.00000,6,0.13300,0.65370,0.03770,0.43770,0.54900
1001,mountains,2,0.12740,1.05300,1.73200,0.00570,11,0.59400,1.74080,0.19670,1.33530,1.25800
1001,country side,1,0.15200,0.71500,0.95100,0.00000,6,0.30200,0.83780,0.13200,0.57560,0.67100
1001,coast line,1,0.00150,0.54400,0.87000,0.00000,8,0.24600,0.84740,0.26000,0.59080,0.50200
1001,relaxed driving,2,1.24600,1.16100,0.94800,0.00160,13,0.53900,1.54900,0.09800,1.14670,0.45200
1001,free road,0,0.00000,0.00000,0.00000,0.00000,0,0.00000,0.00000,0.00000,0.00000,0.00000
1001,serpentine,0,0.00000,0.00000,0.00000,0.00000,0,0.00000,0.00000,0.00000,0.00000,0.00000
1001,highway,0,0.00000,0.00000,0.00000,0.00000,0,0.00000,0.00000,0.00000,0.00000,0.00000
1001,day time,0,0.00000,0.00000,0.00000,0.00000,0,0.00000,0.00000,0.00000,0.00000,0.00000
1001,afternoon,0,0.00000,0.00000,0.00000,0.00000,0,0.00000,0.00000,0.00000,0.00000,0.00000
1001,happy,0,0.00000,0.00000,0.00000,0.00000,0,0.00000,0.00000,0.00000,0.00000,0.00000
1001,sport driving,0,0.00000,0.00000,0.00000,0.00000,0,0.00000,0.00000,0.00000,0.00000,0.00000
1002,sunny,3,1.01430,1.46300,1.28600,0.99820,13,0.80500,2.25710,0.23280,1.47040,1.47590
1002,snowing,6,2.61410,3.12700,3.39100,1.19890,26,1.17700,4.28790,0.42310,4.19290,3.42300
1002,rainy,5,1.21030,2.81800,3.02410,0.25430,16,0.84260,3.64770,0.32590,2.72390,2.85100
1002,cloudy,2,1.04770,1.06200,0.93300,0.00000,8,0.24800,1.49810,0.07430,1.11050,0.92500
1002,traffic jam,8,2.39810,4.69700,5.11410,1.20020,52,1.39060,5.69700,0.38530,4.65800,5.00500
1002,lots of cars,3,0.61070,2.06300,1.83300,0.86300,17,0.32100,2.41060,0.12100,1.59990,1.59700
1002,sleepy,0,0.00000,0.00000,0.00000,0.00000,0,0.00000,0.00000,0.00000,0.00000,0.00000
1002,awake,0,0.00000,0.00000,0.00000,0.00000,0,0.00000,0.00000,0.00000,0.00000,0.00000
1002,city,5,2.03690,3.18600,2.36400,0.19950,23,0.46360,3.69030,0.23170,2.84310,3.00600
1002,night,3,0.54900,1.66600,1.80000,0.00040,9,0.51100,2.36140,0.12090,1.51600,1.07200
1002,morning,1,0.98700,0.37400,0.40500,0.91400,6,0.12700,0.61740,0.03650,0.78750,0.27400
1002,sad,3,0.47770,1.33500,2.24900,0.00000,24,0.38870,2.67280,0.19460,1.78450,1.39000
1002,lazy,2,0.39130,0.69800,1.25300,0.08620,12,0.39400,1.69010,0.15300,1.38790,0.69390
1002,active,2,0.34720,1.16100,1.33300,0.00640,10,0.28700,1.57820,0.07970,0.78690,1.23600
1002,urban,2,0.07630,1.09000,1.46800,0.00000,8,0.22200,1.72640,0.06850,1.17280,0.74400
1002,mountains,2,0.87280,1.15000,1.05700,0.19820,5,0.30400,1.41580,0.13350,1.11480,0.62000
1002,country side,7,1.70170,3.62500,4.18710,0.25400,40,0.77610,5.49360,0.43910,4.37250,3.95900
1002,coast line,4,1.05580,2.34100,2.72300,0.00650,27,0.54730,3.23320,0.19540,2.07650,2.29800
1002,relaxed driving,2,0.11690,0.87500,1.66600,0.00530,17,0.37480,1.68750,0.16710,1.44940,1.61000
1002,free road,5,2.17640,2.90700,2.41400,1.78050,36,0.76930,3.67400,0.21250,2.78940,2.29800
1002,serpentine,2,0.34840,1.15100,0.97500,0.00010,0,0.27400,1.49850,0.07200,0.83430,0.67700
1002,highway,5,2.30120,2.98700,3.02700,1.18810,32,0.77430,3.86500,0.43650,3.65360,3.35000
1002,day time,3,1.01330,1.24100,1.40400,0.99820,17,0.60600,2.29210,0.12200,1.65140,0.69890
1002,afternoon,3,0.19350,1.98600,1.89500,0.00150,14,0.47830,2.47360,0.26240,1.31370,2.28200
1002,happy,2,0.91980,1.40600,0.82100,0.19950,6,0.19560,1.29290,0.13380,1.11910,1.17900
1002,sport driving,10,1.55290,6.18000,7.01500,0.20850,41,1.23570,8.27570,0.77780,6.21820,5.32000
1003,sunny,1,0.21300,0.49900,0.20100,0.61500,2,0.15400,0.69300,0.03170,0.41380,0.04740
1003,snowing,1,0.06550,0.64700,0.51400,0.00000,8,0.39800,0.74880,0.05930,0.36350,0.38700
1003,rainy,1,0.57400,0.55000,0.29900,0.00550,4,0.14900,0.57950,0.02970,0.57640,0.30800
1003,cloudy,1,0.00880,0.53300,0.90500,0.57800,2,0.06980,0.86830,0.07540,0.49500,0.48600
1003,traffic jam,0,0.00000,0.00000,0.00000,0.00000,0,0.00000,0.00000,0.00000,0.00000,0.00000
1003,lots of cars,4,0.72520,2.75400,2.20200,0.92290,31,1.07600,3.03590,0.27970,2.06720,1.28760
1003,sleepy,1,0.97600,0.30900,0.25800,0.69000,9,0.09240,0.61680,0.04590,0.33890,0.11500
1003,awake,1,0.97600,0.30900,0.25800,0.69000,9,0.09240,0.61680,0.04590,0.33890,0.11500
1003,city,2,0.78700,1.04900,0.50000,0.62050,6,0.30300,1.27250,0.06140,0.99020,0.35540
1003,night,2,0.21110,1.64000,1.53100,0.00000,11,0.30600,1.71080,0.20600,1.12340,0.92600
1003,morning,3,0.16070,2.28900,2.38200,0.57950,14,0.30140,2.50610,0.29940,1.59090,1.76900
1003,sad,2,0.17710,1.54400,1.42400,0.00190,11,0.48960,1.68770,0.19200,1.09070,1.25000
1003,lazy,1,0.04420,0.74900,0.88600,0.00010,1,0.11800,0.87780,0.12200,0.45240,0.47900
1003,active,1,0.21300,0.49900,0.20100,0.61500,2,0.15400,0.69300,0.03170,0.41380,0.04740
1003,urban,0,0.00000,0.00000,0.00000,0.00000,0,0.00000,0.00000,0.00000,0.00000,0.00000
1003,mountains,2,0.06300,1.27600,1.80500,0.00530,17,0.46200,1.67070,0.18710,1.20960,1.35000
1003,country side,1,0.00140,0.80500,0.55300,0.91700,9,0.10500,0.78690,0.07570,0.58180,0.07360
1003,coast line,1,0.15200,0.67600,0.64200,0.00000,0,0.14000,0.84000,0.05900,0.57270,0.37400
1003,relaxed driving,3,0.18100,1.85600,2.34000,0.00720,17,0.78560,2.48760,0.23210,1.74960,2.04800
1003,free road,2,0.04810,1.06100,1.80200,0.00540,7,0.41400,1.67770,0.16210,1.11130,1.27700
1003,serpentine,1,0.15200,0.67600,0.64200,0.00000,0,0.14000,0.84000,0.05900,0.57270,0.37400
1003,highway,2,0.98480,0.84200,1.16300,1.26800,11,0.16220,1.48510,0.12130,0.83390,0.60100
1003,day time,0,0.00000,0.00000,0.00000,0.00000,0,0.00000,0.00000,0.00000,0.00000,0.00000
1003,afternoon,1,0.04420,0.74900,0.88600,0.00010,1,0.11800,0.87780,0.12200,0.45240,0.47900
1003,happy,0,0.00000,0.00000,0.00000,0.00000,0,0.00000,0.00000,0.00000,0.00000,0.00000
1003,sport driving,2,0.06690,1.45200,1.06700,0.91700,17,0.50300,1.53570,0.13500,0.94530,0.46060
1004,sunny,1,0.00190,0.90800,0.61300,0.65100,0,0.11400,0.78860,0.05540,0.55510,0.25000
1004,snowing,0,0.00000,0.00000,0.00000,0.00000,0,0.00000,0.00000,0.00000,0.00000,0.00000
1004,rainy,1,0.08430,0.75200,0.83600,0.00040,10,0.42400,0.92070,0.11500,0.54550,0.51900
1004,cloudy,1,0.08430,0.75200,0.83600,0.00040,10,0.42400,0.92070,0.11500,0.54550,0.51900
1004,traffic jam,1,0.08430,0.75200,0.83600,0.00040,10,0.42400,0.92070,0.11500,0.54550,0.51900
1004,lots of cars,0,0.00000,0.00000,0.00000,0.00000,0,0.00000,0.00000,0.00000,0.00000,0.00000
1004,sleepy,0,0.00000,0.00000,0.00000,0.00000,0,0.00000,0.00000,0.00000,0.00000,0.00000
1004,awake,2,0.94790,1.21100,0.65310,0.90500,0,0.22100,1.05860,0.10300,1.03310,0.47200
1004,city,0,0.00000,0.00000,0.00000,0.00000,0,0.00000,0.00000,0.00000,0.00000,0.00000
1004,night,0,0.00000,0.00000,0.00000,0.00000,0,0.00000,0.00000,0.00000,0.00000,0.00000
1004,morning,0,0.00000,0.00000,0.00000,0.00000,0,0.00000,0.00000,0.00000,0.00000,0.00000
1004,sad,1,0.03290,0.80600,0.74700,0.00000,8,0.11400,0.87500,0.08710,0.53650,0.71000
1004,lazy,1,0.94600,0.30300,0.04010,0.25400,0,0.10700,0.27000,0.04760,0.47800,0.22200
1004,active,2,1.00440,0.99700,0.85510,0.25400,9,0.43700,1.13540,0.08310,1.11450,0.99200
1004,urban,1,0.03290,0.80600,0.74700,0.00000,8,0.11400,0.87500,0.08710,0.53650,0.71000
1004,mountains,0,0.00000,0.00000,0.00000,0.00000,0,0.00000,0.00000,0.00000,0.00000,0.00000
1004,country side,0,0.00000,0.00000,0.00000,0.00000,0,0.00000,0.00000,0.00000,0.00000,0.00000
1004,coast line,0,0.00000,0.00000,0.00000,0.00000,0,0.00000,0.00000,0.00000,0.00000,0.00000
1004,relaxed driving,2,0.06030,1.60200,1.42800,0.65100,9,0.44400,1.65400,0.09090,1.19160,1.02000
1004,free road,0,0.00000,0.00000,0.00000,0.00000,0,0.00000,0.00000,0.00000,0.00000,0.00000
1004,serpentine,0,0.00000,0.00000,0.00000,0.00000,0,0.00000,0.00000,0.00000,0.00000,0.00000
1004,highway,0,0.00000,0.00000,0.00000,0.00000,0,0.00000,0.00000,0.00000,0.00000,0.00000
1004,day time,1,0.05840,0.69400,0.81500,0.00000,9,0.33000,0.86540,0.03550,0.63650,0.77000
1004,afternoon,0,0.00000,0.00000,0.00000,0.00000,0,0.00000,0.00000,0.00000,0.00000,0.00000
1004,happy,1,0.03290,0.80600,0.74700,0.00000,8,0.11400,0.87500,0.08710,0.53650,0.71000
1004,sport driving,0,0.00000,0.00000,0.00000,0.00000,0,0.00000,0.00000,0.00000,0.00000,0.00000
1005,sunny,1,0.18400,0.61200,0.57500,0.01000,10,0.98500,0.78770,0.03790,0.57850,0.34500
1005,snowing,2,0.24950,1.25900,1.08900,0.01000,18,1.38300,1.53650,0.09720,0.94200,0.73200
1005,rainy,1,0.82700,0.61400,0.23300,0.19800,5,0.13000,0.52590,0.05680,0.57390,0.44800
1005,cloudy,4,0.19260,2.26200,2.46400,0.09460,28,0.55300,3.18230,0.15820,2.05160,2.24090
1005,traffic jam,2,0.61420,1.19400,1.16800,0.01620,10,1.06070,1.60120,0.16930,1.30990,1.30700
1005,lots of cars,2,0.05470,1.11600,1.13200,0.09980,6,0.35000,1.55070,0.06500,1.13840,0.90690
1005,sleepy,3,1.84440,1.94100,1.10500,0.21160,12,0.39400,1.97140,0.12650,1.59710,1.82600
1005,awake,1,0.99600,0.43600,0.17800,0.91200,5,0.25900,0.66600,0.04480,0.50840,0.46400
1005,city,1,0.79200,0.78400,0.45100,0.00000,8,0.11500,0.71940,0.07230,0.45590,0.78000
1005,night,2,0.83340,1.56500,1.15400,0.01360,9,0.24600,1.51120,0.10430,1.04140,1.60900
1005,morning,1,0.99600,0.43600,0.17800,0.91200,5,0.25900,0.66600,0.04480,0.50840,0.46400
1005,sad,2,0.11930,1.42200,1.28200,0.01580,21,0.12160,1.79810,0.07050,0.89140,1.46400
1005,lazy,1,0.00010,0.48500,0.91100,0.00000,3,0.09200,0.85630,0.03550,0.40890,0.56800
1005,active,3,0.63520,1.58000,2.14800,0.00000,16,1.16030,2.46930,0.22780,2.22850,1.75900
1005,urban,4,0.81750,2.12100,2.73000,0.01000,18,2.17600,3.24420,0.25430,2.58870,2.04000
1005,mountains,2,1.04150,1.19300,0.68300,0.00000,14,0.53100,1.40250,0.09700,0.80120,0.93600
1005,country side,0,0.00000,0.00000,0.00000,0.00000,0,0.00000,0.00000,0.00000,0.00000,0.00000
1005,coast line,2,1.11100,1.08200,0.74300,0.00000,16,0.24700,1.54620,0.06800,1.20150,1.12400
1005,relaxed driving,6,1.11920,3.81000,3.48700,0.20580,37,0.66710,4.65160,0.28140,3.74540,3.55400
1005,free road,5,1.19980,2.91300,2.53500,1.00600,29,1.12060,3.76120,0.24820,2.44070,2.60490
1005,serpentine,4,0.82860,3.03900,2.29500,0.03200,35,0.29110,3.28980,0.18400,2.08830,2.66200
1005,highway,3,0.09180,2.10800,1.99200,0.02460,21,0.32800,2.38000,0.12710,1.66660,2.18700
1005,day time,1,0.09570,0.50200,0.62800,0.00000,10,0.08570,0.87440,0.03040,0.35940,0.61700
1005,afternoon,3,0.11020,2.44100,1.76200,0.02420,21,0.28340,2.41930,0.12730,1.61720,2.15500
1005,happy,2,0.16720,1.23900,1.40000,0.00630,20,0.29300,1.71300,0.06440,1.23450,1.52000
1005,sport driving,2,0.09290,1.27700,1.49900,0.00150,4,0.15760,1.62330,0.11250,0.95410,1.29900
1006,sunny,4,0.33360,2.62000,2.92200,0.01130,34,0.62440,3.32100,0.48240,2.06540,2.06900
1006,snowing,15,5.66090,9.30000,8.84800,3.26290,84,2.52590,11.66680,1.03580,8.48980,7.00940
1006,rainy,6,3.32540,3.90000,2.50210,1.17110,36,0.82120,4.11210,0.48670,2.92270,2.58400
1006,cloudy,15,4.70860,9.41100,9.56410,1.42070,60,2.33520,11.50930,0.84940,9.08510,8.53300
1006,traffic jam,13,2.80880,7.88500,8.76900,1.81080,69,2.14090,10.60740,0.79800,7.10010,6.09160
1006,lots of cars,14,2.64280,9.34500,10.04300,0.50050,88,2.46740,11.67350,1.54220,7.54510,9.02300
1006,sleepy,7,2.32760,4.33000,4.12200,1.01870,35,1.38830,5.35710,0.42530,3.69550,3.53300
1006,awake,11,0.31160,6.67500,7.40400,1.64580,78,2.36540,9.04290,0.77420,6.09620,5.12290
1006,city,26,3.59470,16.24300,17.63100,3.21810,158,3.91320,21.68110,1.65070,14.08460,13.55240
1006,night,4,0.86980,2.28100,3.30900,0.65600,19,0.48260,3.51350,0.25130,2.18830,1.92800
1006,morning,9,1.40380,5.47900,6.18400,0.08060,43,2.00600,7.16560,0.95430,4.80740,5.68100
1006,sad,7,0.85430,3.62400,5.23200,1.59520,48,2.25230,5.68010,0.33810,4.53470,3.72600
1006,lazy,11,0.68790,6.80400,7.82600,0.08840,72,2.66600,8.96690,0.86380,6.26400,5.12890
1006,active,13,5.04160,7.65100,7.26300,4.69470,74,2.62220,9.89960,0.76170,6.55220,5.96500
1006,urban,9,1.81060,5.02800,5.39000,1.85020,36,1.80230,7.24820,0.48350,4.62510,4.46630
1006,mountains,14,3.60350,9.57000,9.10900,1.85480,78,2.20330,11.14970,1.18820,7.44100,6.99260
1006,country side,9,4.76820,6.01300,4.55300,0.02030,41,2.28030,6.64460,0.55490,4.45680,4.69700
1006,coast line,11,1.19400,7.79500,7.90000,1.78180,55,1.22110,9.33810,0.89710,6.06750,6.57560
1006,relaxed driving,16,2.65360,10.21100,10.23800,0.94930,84,3.45020,12.92410,1.13860,7.95110,7.47400
1006,free road,9,1.35680,5.95300,6.53100,0.87070,59,1.48800,7.70020,0.69950,5.11890,3.74500
1006,serpentine,14,3.00080,8.28100,9.66700,2.03620,90,2.55790,11.21920,1.40760,8.28180,7.16400
1006,highway,13,4.34340,7.30500,7.52500,2.27060,70,2.33360,10.02270,0.68240,7.27030,6.73900
1006,day time,8,2.64440,4.54100,5.11510,1.41310,51,1.44700,6.06330,0.57310,4.32800,4.53500
1006,afternoon,8,1.34180,5.33000,5.07300,0.65130,37,1.57000,6.47750,0.71550,4.18700,3.25500
1006,happy,6,0.51270,3.33900,4.24400,0.92350,48,0.89570,5.11550,0.33150,3.08280,2.99800
1006,sport driving,22,2.69190,14.02300,15.34800,0.72450,115,3.37280,17.73480,1.34970,11.92260,11.73800
1007,sunny,1,0.15200,0.67600,0.64200,0.00000,0,0.14000,0.84000,0.05900,0.57270,0.37400
1007,snowing,0,0.00000,0.00000,0.00000,0.00000,0,0.00000,0.00000,0.00000,0.00000,0.00000
1007,rainy,1,0.17200,0.84500,0.78200,0.00000,1,0.21700,0.89840,0.03170,0.60480,0.96100
1007,cloudy,0,0.00000,0.00000,0.00000,0.00000,0,0.00000,0.00000,0.00000,0.00000,0.00000
1007,traffic jam,2,1.93300,0.67700,0.44510,1.16800,6,0.23400,0.88740,0.08410,1.26550,0.49600
1007,lots of cars,0,0.00000,0.00000,0.00000,0.00000,0,0.00000,0.00000,0.00000,0.00000,0.00000
1007,sleepy,3,1.93490,1.58500,1.05810,1.81900,6,0.34800,1.67600,0.13950,1.82060,0.74600
1007,awake,1,0.87700,0.71300,0.25800,0.00610,9,0.09670,0.63520,0.03840,0.44910,0.56000
1007,city,1,0.98700,0.37400,0.40500,0.91400,6,0.12700,0.61740,0.03650,0.78750,0.27400
1007,night,1,0.00190,0.90800,0.61300,0.65100,0,0.11400,0.78860,0.05540,0.55510,0.25000
1007,morning,0,0.00000,0.00000,0.00000,0.00000,0,0.00000,0.00000,0.00000,0.00000,0.00000
1007,sad,0,0.00000,0.00000,0.00000,0.00000,0,0.00000,0.00000,0.00000,0.00000,0.00000
1007,lazy,1,0.17200,0.84500,0.78200,0.00000,1,0.21700,0.89840,0.03170,0.60480,0.96100
1007,active,1,0.87700,0.71300,0.25800,0.00610,9,0.09670,0.63520,0.03840,0.44910,0.56000
1007,urban,1,0.17200,0.84500,0.78200,0.00000,1,0.21700,0.89840,0.03170,0.60480,0.96100
1007,mountains,2,1.02900,1.38900,0.90000,0.00610,9,0.23670,1.47520,0.09740,1.02180,0.93400
1007,country side,1,0.15200,0.67600,0.64200,0.00000,0,0.14000,0.84000,0.05900,0.57270,0.37400
1007,coast line,0,0.00000,0.00000,0.00000,0.00000,0,0.00000,0.00000,0.00000,0.00000,0.00000
1007,relaxed driving,0,0.00000,0.00000,0.00000,0.00000,0,0.00000,0.00000,0.00000,0.00000,0.00000
1007,free road,1,0.00190,0.90800,0.61300,0.65100,0,0.11400,0.78860,0.05540,0.55510,0.25000
1007,serpentine,0,0.00000,0.00000,0.00000,0.00000,0,0.00000,0.00000,0.00000,0.00000,0.00000
1007,highway,1,0.94600,0.30300,0.04010,0.25400,0,0.10700,0.27000,0.04760,0.47800,0.22200
1007,day time,0,0.00000,0.00000,0.00000,0.00000,0,0.00000,0.00000,0.00000,0.00000,0.00000
1007,afternoon,0,0.00000,0.00000,0.00000,0.00000,0,0.00000,0.00000,0.00000,0.00000,0.00000
1007,happy,0,0.00000,0.00000,0.00000,0.00000,0,0.00000,0.00000,0.00000,0.00000,0.00000
1007,sport driving,0,0.00000,0.00000,0.00000,0.00000,0,0.00000,0.00000,0.00000,0.00000,0.00000
1008,sunny,2,0.24220,1.27400,1.72900,0.06610,14,0.40870,1.72070,0.06520,1.37370,1.29300
1008,snowing,0,0.00000,0.00000,0.00000,0.00000,0,0.00000,0.00000,0.00000,0.00000,0.00000
1008,rainy,3,0.36440,2.06900,1.65300,0.91730,23,0.33400,2.35900,0.42450,1.45480,1.19460
1008,cloudy,2,0.00130,1.30700,1.56400,0.84940,7,0.87000,1.70060,0.07220,1.15880,1.06200
1008,traffic jam,5,0.75450,3.25400,3.76900,0.43110,29,1.29270,4.09340,0.20340,2.67100,2.99700
1008,lots of cars,2,0.78940,1.32200,0.79900,0.91800,18,0.23800,1.48710,0.10650,1.06020,0.59860
1008,sleepy,1,0.14500,0.90100,0.69700,0.00000,9,0.28700,0.91400,0.28000,0.42700,0.67000
1008,awake,3,1.07200,2.01800,1.64600,0.92250,3,0.40700,2.21190,0.21260,1.45140,1.48950
1008,city,2,0.20820,1.63100,1.56500,0.06610,14,0.60500,1.73090,0.30880,1.10070,1.59300
1008,night,2,0.71700,1.27400,1.27600,0.00000,7,1.08200,1.67090,0.18080,1.30490,1.06500
1008,morning,1,0.00340,0.85000,0.54400,0.91100,9,0.05150,0.89350,0.12800,0.60000,0.26000
1008,sad,2,0.03360,1.34500,1.57500,0.42100,12,0.26800,1.64730,0.12210,1.01490,1.27200
1008,lazy,1,0.06320,0.73000,0.86800,0.06610,5,0.31800,0.81690,0.02880,0.67370,0.92300
1008,active,3,0.98500,1.94300,1.58100,0.19800,10,0.39000,2.22630,0.14660,1.75970,1.04000
1008,urban,2,0.60940,1.36100,1.12700,0.91100,11,1.03250,1.66370,0.26500,1.38260,0.92600
1008,mountains,1,0.04440,0.61500,0.71100,0.00000,11,0.14500,0.86230,0.07790,0.65470,0.71100
1008,country side,4,0.20690,2.73700,2.81200,0.97740,11,0.48740,3.39650,0.21610,2.17500,1.35860
1008,coast line,4,0.59780,2.42500,2.86500,0.00050,19,0.47140,3.38400,0.28280,2.24900,2.86900
1008,relaxed driving,5,1.50420,3.16600,2.95300,0.06200,12,0.67000,4.04400,0.30080,2.72300,2.17600
1008,free road,6,1.51640,3.68100,3.49100,2.71790,18,0.95150,4.80790,0.34910,3.56080,2.17050
1008,serpentine,1,0.25200,0.50100,0.40700,0.00030,9,0.12800,0.67140,0.30500,0.35070,0.72200
1008,highway,3,0.82770,1.79400,1.91700,1.45100,16,0.64400,2.13270,0.13520,1.64320,1.83300
1008,day time,3,1.14000,1.72600,2.10900,0.00170,11,1.88100,2.44690,0.23630,1.81350,1.79200
1008,afternoon,3,1.17980,1.94500,1.40200,0.92240,2,0.42900,2.17410,0.14960,1.57170,1.38450
1008,happy,6,1.98070,3.67700,3.25700,0.21670,31,1.09340,4.55390,0.57010,2.89140,3.51500
1008,sport driving,8,1.01790,5.54000,6.13300,0.01920,49,2.11270,7.06210,0.67300,4.30480,4.01900
1009,sunny,10,3.02860,6.06000,6.60800,0.28590,49,1.59260,8.04670,0.57460,5.23370,4.64000
1009,snowing,7,1.49420,4.08500,4.40400,0.03070,36,1.32950,5.45030,0.33080,4.00420,4.18900
1009,rainy,3,1.44230,1.83700,1.88900,0.00210,25,1.31700,2.41110,0.19300,1.44140,1.82000
1009,cloudy,10,3.47180,6.61900,5.74100,1.13620,67,2.99200,7.78460,1.15710,5.03550,6.07800
1009,traffic jam,12,3.65460,6.97200,7.97000,1.54430,59,3.19000,9.49420,0.83560,7.19500,6.11800
1009,lots of cars,6,2.92680,3.29300,3.77500,1.74520,38,2.20360,4.57080,0.26790,3.51740,3.35500
1009,sleepy,8,2.29900,5.91900,5.26000,1.53050,43,1.54200,6.45680,0.91360,4.01870,3.93300
1009,awake,9,3.37740,5.30000,5.19600,2.02550,44,1.93440,6.68990,0.55750,4.86950,4.91550
1009,city,11,1.48250,6.34500,8.15600,0.58970,70,2.49340,9.15150,0.95070,6.61840,7.18100
1009,night,9,2.43740,4.71100,6.35800,2.35830,61,1.66810,7.21140,0.60200,5.37880,4.74050
1009,morning,7,0.67790,4.41300,5.35300,1.33930,54,0.84740,5.94220,0.36740,3.48880,3.56500
1009,sad,6,1.63660,3.75700,3.01100,0.30550,13,1.24410,4.43290,0.31280,3.08780,2.91600
1009,lazy,6,1.58210,3.52000,3.56200,1.33500,27,1.21400,4.59720,0.53760,2.78610,3.90500
1009,active,4,0.31040,2.62000,2.93500,0.00060,28,0.90270,3.48950,0.16180,2.01590,3.09000
1009,urban,13,4.83270,7.51500,8.00400,3.41280,66,2.47410,9.96900,0.86430,7.45950,6.40500
1009,mountains,7,0.62340,4.10500,5.20500,0.65690,30,1.45040,5.83850,0.39550,3.93700,4.13900
1009,country side,10,1.67340,6.69100,7.16000,1.40790,53,1.81410,8.48040,0.88220,5.24190,5.96700
1009,coast line,14,4.09440,8.33100,9.25000,1.38300,60,3.47270,10.93560,0.84160,7.39630,7.19900
1009,relaxed driving,17,3.31930,10.86600,11.59200,1.19810,105,3.24120,14.10660,1.54670,9.28630,9.11600
1009,free road,7,1.07870,4.27100,5.21900,0.41050,36,1.02060,5.84620,0.38980,4.04310,3.74500
1009,serpentine,9,3.13550,5.06200,5.26800,0.93240,34,1.76780,7.05120,0.51670,5.18980,4.10150
1009,highway,10,1.09110,6.70200,7.52200,0.00060,40,1.53280,8.51880,1.10090,4.88820,5.60800
1009,day time,6,0.28290,4.14500,4.24300,1.49020,39,0.99230,5.19300,0.41070,3.31040,3.43300
1009,afternoon,6,1.46510,4.22500,3.99700,0.91100,56,0.63040,5.21450,0.71470,3.27550,3.02800
1009,happy,6,1.47290,3.88600,4.41200,0.91470,35,1.78110,4.99700,0.34170,3.05780,4.23100
1009,sport driving,9,0.65390,6.25500,7.23800,0.10920,35,2.41450,7.70820,0.65660,4.74470,5.25600
1010,sunny,1,0.14700,0.58800,0.53000,0.23600,2,0.19200,0.75950,0.02620,0.48200,0.26800
1010,snowing,3,1.10400,1.74700,2.15100,0.00110,12,0.51800,2.41300,0.20840,1.40240,1.25900
1010,rainy,2,0.56480,1.24700,1.19200,0.00120,12,0.44400,1.51050,0.17130,0.83880,1.25500
1010,cloudy,0,0.00000,0.00000,0.00000,0.00000,0,0.00000,0.00000,0.00000,0.00000,0.00000
1010,traffic jam,1,0.18700,0.64200,0.63800,0.00030,9,0.24400,0.80400,0.02930,0.53630,0.58800
1010,lots of cars,3,1.40300,1.58200,1.68200,0.69030,24,0.67340,2.23500,0.51220,1.29990,1.22500
1010,sleepy,0,0.00000,0.00000,0.00000,0.00000,0,0.00000,0.00000,0.00000,0.00000,0.00000
1010,awake,1,0.18700,0.64200,0.63800,0.00030,9,0.24400,0.80400,0.02930,0.53630,0.58800
1010,city,0,0.00000,0.00000,0.00000,0.00000,0,0.00000,0.00000,0.00000,0.00000,0.00000
1010,night,0,0.00000,0.00000,0.00000,0.00000,0,0.00000,0.00000,0.00000,0.00000,0.00000
1010,morning,2,0.18680,1.32900,1.28800,0.23610,12,0.40200,1.61390,0.06850,0.95480,1.02500
1010,sad,0,0.00000,0.00000,0.00000,0.00000,0,0.00000,0.00000,0.00000,0.00000,0.00000
1010,lazy,1,0.97600,0.30900,0.25800,0.69000,9,0.09240,0.61680,0.04590,0.33890,0.11500
1010,active,2,0.84000,1.12300,1.30900,0.00110,7,0.33700,1.54510,0.17080,0.89770,1.00200
1010,urban,1,0.07600,0.81300,0.62700,0.00060,11,0.13100,0.87450,0.04860,0.59100,0.80100
1010,mountains,0,0.00000,0.00000,0.00000,0.00000,0,0.00000,0.00000,0.00000,0.00000,0.00000
1010,country side,2,0.31280,1.24400,1.47000,0.00010,5,0.28500,1.68000,0.06340,0.98650,0.47500
1010,coast line,2,0.08860,1.36100,1.38600,0.00020,10,0.31400,1.66650,0.06810,0.95460,0.97500
1010,relaxed driving,1,0.24000,0.63100,0.78600,0.00000,6,0.33700,0.81420,0.43700,0.42470,0.52200
1010,free road,0,0.00000,0.00000,0.00000,0.00000,0,0.00000,0.00000,0.00000,0.00000,0.00000
1010,serpentine,2,0.31600,1.44400,1.41300,0.00060,17,0.46800,1.68870,0.48560,1.01570,1.32300
1010,highway,1,0.97600,0.30900,0.25800,0.69000,9,0.09240,0.61680,0.04590,0.33890,0.11500
1010,day time,0,0.00000,0.00000,0.00000,0.00000,0,0.00000,0.00000,0.00000,0.00000,0.00000
1010,afternoon,1,0.14700,0.58800,0.53000,0.23600,2,0.19200,0.75950,0.02620,0.48200,0.26800
1010,happy,0,0.00000,0.00000,0.00000,0.00000,0,0.00000,0.00000,0.00000,0.00000,0.00000
1010,sport driving,4,0.70380,2.67400,2.97200,0.00070,21,0.51900,3.44350,0.15380,2.10920,1.78000
1011,sunny,0,0.00000,0.00000,0.00000,0.00000,0,0.00000,0.00000,0.00000,0.00000,0.00000
1011,snowing,0,0.00000,0.00000,0.00000,0.00000,0,0.00000,0.00000,0.00000,0.00000,0.00000
1011,rainy,1,0.00150,0.54400,0.87000,0.00000,8,0.24600,0.84740,0.26000,0.59080,0.50200
1011,cloudy,0,0.00000,0.00000,0.00000,0.00000,0,0.00000,0.00000,0.00000,0.00000,0.00000
1011,traffic jam,0,0.00000,0.00000,0.00000,0.00000,0,0.00000,0.00000,0.00000,0.00000,0.00000
1011,lots of cars,2,0.17350,1.38900,1.65200,0.00000,9,0.46300,1.74580,0.29170,1.19560,1.46300
1011,sleepy,1,0.03220,0.70300,0.82600,0.00630,10,0.17900,0.82050,0.03410,0.47070,0.94500
1011,awake,1,0.09340,0.69200,0.49300,0.00170,9,0.12800,0.75850,0.03250,0.39380,0.28000
1011,city,0,0.00000,0.00000,0.00000,0.00000,0,0.00000,0.00000,0.00000,0.00000,0.00000
1011,night,1,0.17200,0.84500,0.78200,0.00000,1,0.21700,0.89840,0.03170,0.60480,0.96100
1011,morning,0,0.00000,0.00000,0.00000,0.00000,0,0.00000,0.00000,0.00000,0.00000,0.00000
1011,sad,0,0.00000,0.00000,0.00000,0.00000,0,0.00000,0.00000,0.00000,0.00000,0.00000
1011,lazy,0,0.00000,0.00000,0.00000,0.00000,0,0.00000,0.00000,0.00000,0.00000,0.00000
1011,active,1,0.62200,0.41100,0.54700,0.10400,2,0.17300,0.70410,0.04500,0.87410,0.62900
1011,urban,0,0.00000,0.00000,0.00000,0.00000,0,0.00000,0.00000,0.00000,0.00000,0.00000
1011,mountains,2,0.26540,1.53700,1.27500,0.00170,10,0.34500,1.65690,0.06420,0.99860,1.24100
1011,country side,1,0.62200,0.41100,0.54700,0.10400,2,0.17300,0.70410,0.04500,0.87410,0.62900
1011,coast line,0,0.00000,0.00000,0.00000,0.00000,0,0.00000,0.00000,0.00000,0.00000,0.00000
1011,relaxed driving,2,0.03370,1.24700,1.69600,0.00630,18,0.42500,1.66790,0.29410,1.06150,1.44700
1011,free road,0,0.00000,0.00000,0.00000,0.00000,0,0.00000,0.00000,0.00000,0.00000,0.00000
1011,serpentine,1,0.62200,0.41100,0.54700,0.10400,2,0.17300,0.70410,0.04500,0.87410,0.62900
1011,highway,0,0.00000,0.00000,0.00000,0.00000,0,0.00000,0.00000,0.00000,0.00000,0.00000
1011,day time,0,0.00000,0.00000,0.00000,0.00000,0,0.00000,0.00000,0.00000,0.00000,0.00000
1011,afternoon,1,0.03220,0.70300,0.82600,0.00630,10,0.17900,0.82050,0.03410,0.47070,0.94500
1011,happy,1,0.09340,0.69200,0.49300,0.00170,9,0.12800,0.75850,0.03250,0.39380,0.28000
1011,sport driving,0,0.00000,0.00000,0.00000,0.00000,0,0.00000,0.00000,0.00000,0.00000,0.00000
1012,sunny,5,1.29840,2.86800,3.16300,2.66800,25,1.08820,3.86820,0.23780,2.65030,2.43200
1012,snowing,7,0.86420,4.28700,5.33100,0.07900,44,1.48100,5.74660,0.48600,4.02470,4.46300
1012,rainy,6,1.96170,3.23700,3.60900,1.10390,30,0.74760,4.52310,0.24030,3.44390,4.59200
1012,cloudy,10,1.72820,5.32800,7.59800,0.94440,51,3.06100,8.43530,0.55070,5.19180,5.61200
1012,traffic jam,7,1.04210,4.19900,5.53400,0.71760,40,1.39070,6.07880,0.40280,4.38950,3.58500
1012,lots of cars,8,1.75310,5.59800,5.35600,1.07460,37,1.41500,6.33440,0.60670,4.40800,4.98200
1012,sleepy,7,1.39360,3.96100,4.61900,0.02840,27,1.58130,5.52020,0.80850,3.84830,3.79500
1012,awake,5,1.64350,2.90100,3.32400,0.00640,25,0.90740,3.89580,0.41540,2.39730,3.26800
1012,city,10,4.25080,5.87500,5.75710,1.38460,31,2.01400,7.39330,0.68480,5.50750,5.84950
1012,night,5,0.85660,2.40100,3.43000,0.52400,22,1.43980,4.04280,0.32070,3.03120,2.37600
1012,morning,5,0.35580,3.11900,3.03900,0.80590,18,1.06400,3.96280,0.23950,2.87610,2.80130
1012,sad,8,2.37910,4.97300,4.86900,3.22310,31,1.78200,6.17080,0.42910,3.90090,4.77540
1012,lazy,8,1.33910,5.12600,5.98000,0.01050,74,2.55670,7.02640,0.54690,4.72910,2.82100
1012,active,5,1.25070,3.19400,3.30600,0.20960,12,0.50220,4.08240,0.43810,3.21950,3.63000
1012,urban,8,1.18160,4.96500,5.99200,0.91230,39,1.19750,6.87240,0.76650,4.89430,4.80300
1012,mountains,14,4.02430,8.15100,7.25510,3.76140,80,2.25040,10.27500,0.77130,7.68480,6.31630
1012,country side,11,2.77820,6.81900,7.33510,0.29630,75,1.83070,8.34720,1.30080,6.22730,7.18400
1012,coast line,7,0.84300,5.03500,5.28400,1.59940,39,1.56520,6.08630,0.51620,3.92970,3.30600
1012,relaxed driving,11,2.56000,6.89100,8.15900,0.00580,51,3.11320,9.38030,1.17830,6.50180,5.48000
1012,free road,9,3.08190,3.77700,5.62000,2.28070,47,2.59970,6.86140,0.47950,5.98790,5.36000
1012,serpentine,8,1.72010,6.03900,5.01900,0.19870,52,0.98690,6.27070,0.75280,4.67600,4.97200
1012,highway,10,2.94380,6.32100,6.41700,0.92200,65,2.08840,7.96960,0.79000,5.32020,5.75250
1012,day time,11,0.79590,6.62200,7.25400,1.02430,38,1.66720,8.90450,0.47260,5.80770,5.44490
1012,afternoon,5,0.63440,3.28100,2.81700,1.44500,34,1.59440,3.99440,0.29740,3.29160,2.60300
1012,happy,6,2.58180,3.17600,3.18000,1.73260,44,0.77750,4.71120,0.32380,3.56760,3.53050
1012,sport driving,11,2.99520,6.86300,6.61100,0.51070,28,1.43060,8.51220,0.75900,6.09510,6.90800
1013,sunny,0,0.00000,0.00000,0.00000,0.00000,0,0.00000,0.00000,0.00000,0.00000,0.00000
1013,snowing,0,0.00000,0.00000,0.00000,0.00000,0,0.00000,0.00000,0.00000,0.00000,0.00000
1013,rainy,0,0.00000,0.00000,0.00000,0.00000,0,0.00000,0.00000,0.00000,0.00000,0.00000
1013,cloudy,0,0.00000,0.00000,0.00000,0.00000,0,0.00000,0.00000,0.00000,0.00000,0.00000
1013,traffic jam,0,0.00000,0.00000,0.00000,0.00000,0,0.00000,0.00000,0.00000,0.00000,0.00000
1013,lots of cars,1,0.04880,0.62000,0.62800,0.00010,0,0.10400,0.81210,0.02580,0.48180,0.21800
1013,sleepy,0,0.00000,0.00000,0.00000,0.00000,0,0.00000,0.00000,0.00000,0.00000,0.00000
1013,awake,0,0.00000,0.00000,0.00000,0.00000,0,0.00000,0.00000,0.00000,0.00000,0.00000
1013,city,2,0.15980,1.38300,1.32100,0.00010,5,0.20500,1.71280,0.06960,1.00410,0.61700
1013,night,0,0.00000,0.00000,0.00000,0.00000,0,0.00000,0.00000,0.00000,0.00000,0.00000
1013,morning,0,0.00000,0.00000,0.00000,0.00000,0,0.00000,0.00000,0.00000,0.00000,0.00000
1013,sad,0,0.00000,0.00000,0.00000,0.00000,0,0.00000,0.00000,0.00000,0.00000,0.00000
1013,lazy,0,0.00000,0.00000,0.00000,0.00000,0,0.00000,0.00000,0.00000,0.00000,0.00000
1013,active,0,0.00000,0.00000,0.00000,0.00000,0,0.00000,0.00000,0.00000,0.00000,0.00000
1013,urban,0,0.00000,0.00000,0.00000,0.00000,0,0.00000,0.00000,0.00000,0.00000,0.00000
1013,mountains,0,0.00000,0.00000,0.00000,0.00000,0,0.00000,0.00000,0.00000,0.00000,0.00000
1013,country side,0,0.00000,0.00000,0.00000,0.00000,0,0.00000,0.00000,0.00000,0.00000,0.00000
1013,coast line,0,0.00000,0.00000,0.00000,0.00000,0,0.00000,0.00000,0.00000,0.00000,0.00000
1013,relaxed driving,0,0.00000,0.00000,0.00000,0.00000,0,0.00000,0.00000,0.00000,0.00000,0.00000
1013,free road,0,0.00000,0.00000,0.00000,0.00000,0,0.00000,0.00000,0.00000,0.00000,0.00000
1013,serpentine,0,0.00000,0.00000,0.00000,0.00000,0,0.00000,0.00000,0.00000,0.00000,0.00000
1013,highway,1,0.11100,0.76300,0.69300,0.00000,5,0.10100,0.90070,0.04380,0.52230,0.39900
1013,day time,1,0.11100,0.76300,0.69300,0.00000,5,0.10100,0.90070,0.04380,0.52230,0.39900
1013,afternoon,1,0.04880,0.62000,0.62800,0.00010,0,0.10400,0.81210,0.02580,0.48180,0.21800
1013,happy,0,0.00000,0.00000,0.00000,0.00000,0,0.00000,0.00000,0.00000,0.00000,0.00000
1013,sport driving,0,0.00000,0.00000,0.00000,0.00000,0,0.00000,0.00000,0.00000,0.00000,0.00000
1014,sunny,3,0.70780,1.87000,1.82000,0.27910,23,0.68500,2.46100,0.21360,1.68760,1.75200
1014,snowing,2,0.10730,1.09100,1.58300,0.06610,11,0.45000,1.70340,0.08750,1.33540,0.76500
1014,rainy,1,0.05840,0.69400,0.81500,0.00000,9,0.33000,0.86540,0.03550,0.63650,0.77000
1014,cloudy,1,0.07900,0.79300,0.68800,0.06040,2,0.14500,0.89460,0.03280,0.54570,0.22100
1014,traffic jam,2,0.52100,1.15400,1.34700,0.27900,6,0.50900,1.60960,0.08600,1.01520,1.35500
1014,lots of cars,4,1.03000,2.77900,2.40200,0.00550,19,0.95800,3.16300,0.20120,2.09520,2.25100
1014,sleepy,1,0.41000,0.46500,0.35000,0.27900,3,0.13500,0.67560,0.04030,0.42430,0.62000
1014,awake,0,0.00000,0.00000,0.00000,0.00000,0,0.00000,0.00000,0.00000,0.00000,0.00000
1014,city,1,0.11300,0.56300,0.75000,0.00000,11,0.07880,0.88760,0.12700,0.79050,0.81200
1014,night,2,0.07170,1.02900,1.24400,0.08620,14,0.54900,1.62430,0.06850,1.18940,0.84790
1014,morning,1,0.17300,0.70600,0.75100,0.00000,9,0.16800,0.84190,0.07080,0.41380,0.19500
1014,sad,2,1.05200,1.15800,0.99800,0.20800,16,0.20680,1.56210,0.36900,1.62340,1.73900
1014,lazy,4,0.43680,2.77300,2.95200,0.00010,35,0.55780,3.48460,0.28390,2.19940,2.16300
1014,active,1,0.03980,0.74100,0.75800,0.00010,10,0.21000,0.85440,0.04230,0.47280,0.75700
1014,urban,2,0.28630,0.96200,1.60700,0.00570,19,0.64500,1.73980,0.18570,1.58020,0.91900
1014,mountains,1,0.11100,0.76300,0.69300,0.00000,5,0.10100,0.90070,0.04380,0.52230,0.39900
1014,country side,0,0.00000,0.00000,0.00000,0.00000,0,0.00000,0.00000,0.00000,0.00000,0.00000
1014,coast line,3,0.97890,1.69200,1.42500,0.29420,10,0.69500,2.32960,0.30800,1.88580,1.85590
1014,relaxed driving,3,0.94300,1.97700,1.70400,0.00550,19,0.59000,2.41120,0.20450,1.88920,1.08200
1014,free road,0,0.00000,0.00000,0.00000,0.00000,0,0.00000,0.00000,0.00000,0.00000,0.00000
1014,serpentine,3,1.42100,2.05700,1.78500,0.20800,14,0.63300,2.43040,0.39070,1.80610,1.98400
1014,highway,4,0.98660,1.95600,2.16300,0.09740,24,0.80400,2.96910,0.22040,2.30130,1.25190
1014,day time,1,0.11100,0.68900,0.99700,0.00000,3,0.37400,0.93400,0.04570,0.59090,0.73500
1014,afternoon,0,0.00000,0.00000,0.00000,0.00000,0,0.00000,0.00000,0.00000,0.00000,0.00000
1014,happy,1,0.07900,0.79300,0.68800,0.06040,2,0.14500,0.89460,0.03280,0.54570,0.22100
1014,sport driving,2,0.19960,1.46800,1.49900,0.00000,9,0.51600,1.73810,0.10380,0.91380,1.04600
1015,sunny,1,0.18500,0.67300,0.88600,0.00000,1,0.08260,0.88900,0.04310,0.44100,0.79500
1015,snowing,0,0.00000,0.00000,0.00000,0.00000,0,0.00000,0.00000,0.00000,0.00000,0.00000
1015,rainy,0,0.00000,0.00000,0.00000,0.00000,0,0.00000,0.00000,0.00000,0.00000,0.00000
1015,cloudy,1,0.17100,0.46900,0.56300,0.92300,4,0.08620,0.74610,0.02970,0.41360,0.06500
1015,traffic jam,2,1.00000,0.99300,0.82100,0.92460,8,0.41420,1.37540,0.05840,0.92240,0.41400
1015,lots of cars,0,0.00000,0.00000,0.00000,0.00000,0,0.00000,0.00000,0.00000,0.00000,0.00000
1015,sleepy,0,0.00000,0.00000,0.00000,0.00000,0,0.00000,0.00000,0.00000,0.00000,0.00000
1015,awake,0,0.00000,0.00000,0.00000,0.00000,0,0.00000,0.00000,0.00000,0.00000,0.00000
1015,city,0,0.00000,0.00000,0.00000,0.00000,0,0.00000,0.00000,0.00000,0.00000,0.00000
1015,night,0,0.00000,0.00000,0.00000,0.00000,0,0.00000,0.00000,0.00000,0.00000,0.00000
1015,morning,0,0.00000,0.00000,0.00000,0.00000,0,0.00000,0.00000,0.00000,0.00000,0.00000
1015,sad,0,0.00000,0.00000,0.00000,0.00000,0,0.00000,0.00000,0.00000,0.00000,0.00000
1015,lazy,1,0.00610,0.69800,0.80000,0.00000,1,0.02100,0.85120,0.02990,0.52250,0.70300
1015,active,2,0.05700,1.46100,1.62000,0.00020,12,0.12800,1.74660,0.08760,1.09080,1.53200
1015,urban,0,0.00000,0.00000,0.00000,0.00000,0,0.00000,0.00000,0.00000,0.00000,0.00000
1015,mountains,1,0.17100,0.46900,0.56300,0.92300,4,0.08620,0.74610,0.02970,0.41360,0.06500
1015,country side,2,0.05700,1.46100,1.62000,0.00020,12,0.12800,1.74660,0.08760,1.09080,1.53200
1015,coast line,0,0.00000,0.00000,0.00000,0.00000,0,0.00000,0.00000,0.00000,0.00000,0.00000
1015,relaxed driving,2,1.01400,1.19700,1.14400,0.00160,5,0.41060,1.51830,0.07180,0.94980,1.14400
1015,free road,1,0.82900,0.52400,0.25800,0.00160,4,0.32800,0.62930,0.02870,0.50880,0.34900
1015,serpentine,0,0.00000,0.00000,0.00000,0.00000,0,0.00000,0.00000,0.00000,0.00000,0.00000
1015,highway,0,0.00000,0.00000,0.00000,0.00000,0,0.00000,0.00000,0.00000,0.00000,0.00000
1015,day time,0,0.00000,0.00000,0.00000,0.00000,0,0.00000,0.00000,0.00000,0.00000,0.00000
1015,afternoon,0,0.00000,0.00000,0.00000,0.00000,0,0.00000,0.00000,0.00000,0.00000,0.00000
1015,happy,0,0.00000,0.00000,0.00000,0.00000,0,0.00000,0.00000,0.00000,0.00000,0.00000
1015,sport driving,2,0.23590,1.43600,1.70600,0.00020,12,0.18960,1.78440,0.10080,1.00930,1.62400
1016,sunny,0,0.00000,0.00000,0.00000,0.00000,0,0.00000,0.00000,0.00000,0.00000,0.00000
1016,snowing,0,0.00000,0.00000,0.00000,0.00000,0,0.00000,0.00000,0.00000,0.00000,0.00000
1016,rainy,0,0.00000,0.00000,0.00000,0.00000,0,0.00000,0.00000,0.00000,0.00000,0.00000
1016,cloudy,1,0.94600,0.30300,0.04010,0.25400,0,0.10700,0.27000,0.04760,0.47800,0.22200
1016,traffic jam,1,0.79200,0.78400,0.45100,0.00000,8,0.11500,0.71940,0.07230,0.45590,0.78000
1016,lots of cars,0,0.00000,0.00000,0.00000,0.00000,0,0.00000,0.00000,0.00000,0.00000,0.00000
1016,sleepy,1,0.01330,0.33500,0.42900,0.08620,5,0.21900,0.75890,0.03300,0.55290,0.07790
1016,awake,0,0.00000,0.00000,0.00000,0.00000,0,0.00000,0.00000,0.00000,0.00000,0.00000
1016,city,1,0.01330,0.33500,0.42900,0.08620,5,0.21900,0.75890,0.03300,0.55290,0.07790
1016,night,1,0.79200,0.78400,0.45100,0.00000,8,0.11500,0.71940,0.07230,0.45590,0.78000
1016,morning,0,0.00000,0.00000,0.00000,0.00000,0,0.00000,0.00000,0.00000,0.00000,0.00000
1016,sad,0,0.00000,0.00000,0.00000,0.00000,0,0.00000,0.00000,0.00000,0.00000,0.00000
1016,lazy,1,0.99600,0.43600,0.17800,0.91200,5,0.25900,0.66600,0.04480,0.50840,0.46400
1016,active,1,0.94600,0.30300,0.04010,0.25400,0,0.10700,0.27000,0.04760,0.47800,0.22200
1016,urban,1,0.99600,0.43600,0.17800,0.91200,5,0.25900,0.66600,0.04480,0.50840,0.46400
1016,mountains,0,0.00000,0.00000,0.00000,0.00000,0,0.00000,0.00000,0.00000,0.00000,0.00000
1016,country side,1,0.37800,0.36300,0.82400,0.00000,7,0.17500,0.93120,0.12000,0.83500,0.61600
1016,coast line,0,0.00000,0.00000,0.00000,0.00000,0,0.00000,0.00000,0.00000,0.00000,0.00000
1016,relaxed driving,0,0.00000,0.00000,0.00000,0.00000,0,0.00000,0.00000,0.00000,0.00000,0.00000
1016,free road,2,1.37400,0.79900,1.00200,0.91200,12,0.43400,1.59720,0.16480,1.34340,1.08000
1016,serpentine,1,0.37800,0.36300,0.82400,0.00000,7,0.17500,0.93120,0.12000,0.83500,0.61600
1016,highway,2,0.95930,0.63800,0.46910,0.34020,5,0.32600,1.02890,0.08060,1.03090,0.29990
1016,day time,0,0.00000,0.00000,0.00000,0.00000,0,0.00000,0.00000,0.00000,0.00000,0.00000
1016,afternoon,0,0.00000,0.00000,0.00000,0.00000,0,0.00000,0.00000,0.00000,0.00000,0.00000
1016,happy,1,0.79200,0.78400,0.45100,0.00000,8,0.11500,0.71940,0.07230,0.45590,0.78000
1016,sport driving,0,0.00000,0.00000,0.00000,0.00000,0,0.00000,0.00000,0.00000,0.00000,0.00000
1017,sunny,0,0.00000,0.00000,0.00000,0.00000,0,0.00000,0.00000,0.00000,0.00000,0.00000
1017,snowing,0,0.00000,0.00000,0.00000,0.00000,0,0.00000,0.00000,0.00000,0.00000,0.00000
1017,rainy,0,0.00000,0.00000,0.00000,0.00000,0,0.00000,0.00000,0.00000,0.00000,0.00000
1017,cloudy,0,0.00000,0.00000,0.00000,0.00000,0,0.00000,0.00000,0.00000,0.00000,0.00000
1017,traffic jam,0,0.00000,0.00000,0.00000,0.00000,0,0.00000,0.00000,0.00000,0.00000,0.00000
1017,lots of cars,0,0.00000,0.00000,0.00000,0.00000,0,0.00000,0.00000,0.00000,0.00000,0.00000
1017,sleepy,0,0.00000,0.00000,0.00000,0.00000,0,0.00000,0.00000,0.00000,0.00000,0.00000
1017,awake,0,0.00000,0.00000,0.00000,0.00000,0,0.00000,0.00000,0.00000,0.00000,0.00000
1017,city,0,0.00000,0.00000,0.00000,0.00000,0,0.00000,0.00000,0.00000,0.00000,0.00000
1017,night,0,0.00000,0.00000,0.00000,0.00000,0,0.00000,0.00000,0.00000,0.00000,0.00000
1017,morning,0,0.00000,0.00000,0.00000,0.00000,0,0.00000,0.00000,0.00000,0.00000,0.00000
1017,sad,0,0.00000,0.00000,0.00000,0.00000,0,0.00000,0.00000,0.00000,0.00000,0.00000
1017,lazy,0,0.00000,0.00000,0.00000,0.00000,0,0.00000,0.00000,0.00000,0.00000,0.00000
1017,active,0,0.00000,0.00000,0.00000,0.00000,0,0.00000,0.00000,0.00000,0.00000,0.00000
1017,urban,0,0.00000,0.00000,0.00000,0.00000,0,0.00000,0.00000,0.00000,0.00000,0.00000
1017,mountains,0,0.00000,0.00000,0.00000,0.00000,0,0.00000,0.00000,0.00000,0.00000,0.00000
1017,country side,0,0.00000,0.00000,0.00000,0.00000,0,0.00000,0.00000,0.00000,0.00000,0.00000
1017,coast line,0,0.00000,0.00000,0.00000,0.00000,0,0.00000,0.00000,0.00000,0.00000,0.00000
1017,relaxed driving,0,0.00000,0.00000,0.00000,0.00000,0,0.00000,0.00000,0.00000,0.00000,0.00000
1017,free road,0,0.00000,0.00000,0.00000,0.00000,0,0.00000,0.00000,0.00000,0.00000,0.00000
1017,serpentine,1,0.00820,0.68300,0.58500,0.01620,8,0.07970,0.83100,0.03230,0.52730,0.64100
1017,highway,0,0.00000,0.00000,0.00000,0.00000,0,0.00000,0.00000,0.00000,0.00000,0.00000
1017,day time,1,0.00820,0.68300,0.58500,0.01620,8,0.07970,0.83100,0.03230,0.52730,0.64100
1017,afternoon,0,0.00000,0.00000,0.00000,0.00000,0,0.00000,0.00000,0.00000,0.00000,0.00000
1017,happy,0,0.00000,0.00000,0.00000,0.00000,0,0.00000,0.00000,0.00000,0.00000,0.00000
1017,sport driving,1,0.00820,0.68300,0.58500,0.01620,8,0.07970,0.83100,0.03230,0.52730,0.64100
1018,sunny,1,0.11100,0.68900,0.99700,0.00000,3,0.37400,0.93400,0.04570,0.59090,0.73500
1018,snowing,0,0.00000,0.00000,0.00000,0.00000,0,0.00000,0.00000,0.00000,0.00000,0.00000
1018,rainy,1,0.04600,0.48000,0.48600,0.00000,6,0.10700,0.85620,0.04470,0.36390,0.26500
1018,cloudy,1,0.00480,0.65200,0.60500,0.00000,8,0.06050,0.81570,0.03930,0.57310,0.39400
1018,traffic jam,0,0.00000,0.00000,0.00000,0.00000,0,0.00000,0.00000,0.00000,0.00000,0.00000
1018,lots of cars,1,0.94600,0.40000,0.25700,0.91400,0,0.10200,0.65420,0.04270,0.48690,0.09650
1018,sleepy,1,0.00140,0.80500,0.55300,0.91700,9,0.10500,0.78690,0.07570,0.58180,0.07360
1018,awake,1,0.00180,0.55600,0.90400,0.00000,11,0.06130,0.86910,0.04690,0.62720,0.63200
1018,city,3,0.94900,1.82500,1.92800,0.92300,7,1.28420,2.41470,0.19840,1.80100,1.69200
1018,night,2,0.11580,1.34100,1.60200,0.00000,11,0.43450,1.74970,0.08500,1.16400,1.12900
1018,morning,4,0.18800,2.81500,2.99800,0.03370,11,0.91470,3.51740,0.12490,2.28170,2.55700
1018,sad,4,0.97150,2.29200,2.99100,0.91420,20,0.69730,3.29460,0.22100,2.26390,2.28550
1018,lazy,2,0.95420,1.08300,0.84200,0.93020,8,0.18170,1.48520,0.07500,1.01420,0.73750
1018,active,0,0.00000,0.00000,0.00000,0.00000,0,0.00000,0.00000,0.00000,0.00000,0.00000
1018,urban,2,0.53950,1.34800,1.71800,0.00020,8,0.81800,1.79130,0.14710,1.21610,1.48800
1018,mountains,1,0.17100,0.46900,0.56300,0.92300,4,0.08620,0.74610,0.02970,0.41360,0.06500
1018,country side,2,0.04740,1.28500,1.03900,0.91700,15,0.21200,1.64310,0.12040,0.94570,0.33860
1018,coast line,1,0.13500,0.53600,0.57400,0.00000,10,0.11400,0.89250,0.03030,0.76380,0.57500
1018,relaxed driving,2,0.70500,1.57200,1.57700,0.00010,7,0.92700,1.76780,0.14670,1.23920,1.73300
1018,free road,3,0.28340,1.96300,2.11300,1.84000,16,0.56520,2.46700,0.15110,1.58630,0.87360
1018,serpentine,1,0.00130,0.66600,0.70800,0.01740,0,0.51000,0.86610,0.02880,0.56790,0.23900
1018,highway,1,0.53300,0.72700,0.79500,0.00010,6,0.71000,0.86940,0.11500,0.63440,0.77200
1018,day time,1,0.60600,0.51100,0.58300,0.00000,2,0.98100,0.77020,0.13700,0.78260,0.66600
1018,afternoon,2,0.15220,1.25100,1.48100,0.00010,17,0.54000,1.74190,0.12960,1.33190,1.41600
1018,happy,4,0.74710,2.36500,2.47000,0.01740,20,1.66550,3.34450,0.23540,2.68740,1.87400
1018,sport driving,4,0.07320,2.43400,2.88200,0.01630,32,0.67400,3.40570,0.22320,2.08650,2.37900
1019,sunny,21,5.29680,13.18700,12.86400,2.46260,130,4.39710,16.56070,1.73610,11.61010,11.56040
1019,snowing,21,5.53640,11.54800,13.85100,3.73800,119,5.11270,16.48060,1.73530,11.91490,11.94890
1019,rainy,17,5.20890,10.19700,10.47900,3.17720,99,2.43810,13.58780,1.58050,10.03650,10.21050
1019,cloudy,25,5.30640,14.90300,15.94600,1.17750,111,3.93860,19.84010,1.30990,13.31410,12.41400
1019,traffic jam,25,4.18650,14.85000,17.56910,2.77250,150,7.02610,20.09760,1.73790,13.47720,13.24640
1019,lots of cars,30,6.76590,18.27300,19.38700,3.89000,177,4.82390,23.47120,1.94590,16.45030,17.13600
1019,sleepy,17,3.64850,10.86700,11.07200,1.72180,67,3.28790,13.28720,1.32330,9.17850,9.00150
1019,awake,14,4.82020,8.80700,7.19900,2.46310,53,2.28050,10.34910,0.82950,7.34100,6.98960
1019,city,15,4.56020,9.54700,9.27300,2.40570,74,3.49230,11.78120,1.39460,7.06010,7.45650
1019,night,19,6.24360,11.35400,12.05900,4.25240,93,4.54170,14.78860,1.17660,10.56410,9.52150
1019,morning,28,7.04760,19.13100,18.83700,4.26100,158,5.37200,22.91730,2.15840,14.95610,16.05350
1019,sad,26,4.62560,14.90200,17.47010,2.83310,159,5.47390,21.08520,1.83190,14.13760,12.45150
1019,lazy,14,3.37700,7.82300,8.82900,0.70870,53,3.86000,11.16690,0.63340,7.96460,7.26990
1019,active,19,3.30170,10.44900,11.59900,2.24750,95,4.40180,14.84810,1.34690,10.53040,9.80840
1019,urban,25,5.09060,14.75900,16.07500,3.19190,142,6.06320,19.87630,1.62580,13.71000,11.75940
1019,mountains,32,7.41120,19.38400,22.06900,1.56930,179,6.57240,25.85610,1.96190,18.38940,15.98200
1019,country side,26,4.21470,15.98400,18.47200,1.61050,128,4.25460,21.68360,1.97020,14.04440,12.93240
1019,coast line,21,4.90630,13.07500,14.36000,2.11960,79,4.56150,17.23950,1.11970,11.61610,10.61600
1019,relaxed driving,39,6.08110,24.77400,26.97200,4.72140,208,9.01020,32.05190,2.95210,23.23170,21.83040
1019,free road,29,8.46930,17.85000,16.63800,6.51670,149,5.31910,22.67420,1.92390,14.10020,13.45340
1019,serpentine,30,8.97370,19.46000,18.09400,3.15170,149,5.88280,24.21830,2.39630,17.14960,15.54500
1019,highway,28,6.02800,16.28200,17.47500,2.58220,161,5.03600,22.58930,2.00360,15.31020,14.56840
1019,day time,23,4.17130,12.80300,14.96510,2.72450,131,6.27880,18.32370,1.24920,12.67270,10.96840
1019,afternoon,25,4.23590,15.78000,14.81900,4.45080,131,5.40330,19.82560,1.15870,13.74470,11.31410
1019,happy,18,2.31860,10.92200,13.21500,0.47390,112,3.36670,15.26520,0.95310,10.35480,9.13600
1019,sport driving,34,3.87900,20.94500,24.30800,0.83250,181,7.42760,27.89890,2.29390,18.99040,21.26600
1020,sunny,2,0.17600,1.16100,1.24200,0.92300,7,0.41320,1.57830,0.18470,0.82270,0.99900
1020,snowing,0,0.00000,0.00000,0.00000,0.00000,0,0.00000,0.00000,0.00000,0.00000,0.00000
1020,rainy,4,0.95040,2.41100,2.17700,1.78600,35,0.53820,3.17830,0.19710,2.40950,1.87700
1020,cloudy,3,0.83290,1.85400,1.64500,0.21540,11,0.74700,2.27400,0.11750,1.64180,1.05500
1020,traffic jam,1,0.78800,0.51700,0.24600,0.00100,9,0.13300,0.70020,0.03080,0.47840,0.52500
1020,lots of cars,2,0.90100,1.08000,0.99600,0.00100,20,0.21180,1.58780,0.15780,1.26890,1.33700
1020,sleepy,4,0.44720,2.28300,2.89800,0.42100,27,0.86700,3.39020,0.15820,2.08530,1.44000
1020,awake,0,0.00000,0.00000,0.00000,0.00000,0,0.00000,0.00000,0.00000,0.00000,0.00000
1020,city,2,0.98770,0.91300,1.23300,1.33500,10,0.28100,1.38970,0.07150,1.26590,0.83600
1020,night,5,0.60050,3.02800,3.48300,0.92310,27,0.54890,4.26960,0.20650,2.66550,1.64400
1020,morning,3,1.75980,1.47100,1.40200,0.92700,26,1.27500,2.16650,0.09770,1.68560,1.54500
1020,sad,3,2.39300,1.76400,1.01000,1.87900,22,0.48600,1.87630,0.15040,1.76760,1.72300
1020,lazy,2,0.19280,1.14500,1.48000,0.58800,12,1.05480,1.65600,0.11330,1.07350,0.83100
1020,active,3,0.30000,2.06700,1.94700,0.01000,18,1.41300,2.52060,0.23670,1.50990,1.67800
1020,urban,3,0.23150,1.92300,2.20700,0.01010,21,1.21420,2.55610,0.15210,1.77410,1.77000
1020,mountains,3,1.13970,1.58900,1.87500,1.33500,10,0.42100,2.22970,0.13050,1.83860,1.21000
1020,country side,8,0.37690,4.62500,5.76600,0.70340,53,2.14010,6.83640,0.37780,4.64480,3.62500
1020,coast line,3,0.14460,1.80200,1.95700,0.00000,19,0.54800,2.60670,0.21720,1.67290,1.87700
1020,relaxed driving,3,0.11760,1.97100,2.20200,0.00000,24,0.22280,2.58550,0.13000,1.72260,1.42500
1020,free road,5,0.72770,3.34800,3.03500,0.87920,42,0.79300,4.06510,0.28470,3.06470,2.81100
1020,serpentine,3,0.27120,2.12200,1.92000,0.01620,13,0.32070,2.57170,0.13510,1.62230,1.41400
1020,highway,3,0.83410,1.87500,1.64900,0.32340,15,1.61900,2.18530,0.11810,1.73270,0.95800
1020,day time,2,0.99380,0.80700,1.06200,0.81800,16,0.28400,1.51780,0.06140,0.98890,1.08600
1020,afternoon,0,0.00000,0.00000,0.00000,0.00000,0,0.00000,0.00000,0.00000,0.00000,0.00000
1020,happy,4,0.54130,2.57900,2.94600,0.01630,28,0.45370,3.54440,0.26490,2.49660,2.27000
1020,sport driving,4,0.99930,2.12200,2.98000,1.49200,24,0.63910,3.20820,0.18570,2.50610,1.83000
1021,sunny,2,0.53110,1.20400,1.23400,0.00110,3,0.25500,1.50730,0.15890,0.88850,1.20100
1021,snowing,1,0.25800,0.66400,0.71200,0.00000,10,0.34000,0.93100,0.13100,0.79050,0.37500
1021,rainy,1,0.57400,0.55000,0.29900,0.00550,4,0.14900,0.57950,0.02970,0.57640,0.30800
1021,cloudy,1,0.02830,0.29800,0.89500,0.00570,9,0.30500,0.80880,0.05470,0.78970,0.54400
1021,traffic jam,3,0.15860,2.33900,2.28600,0.01400,19,0.66900,2.58750,0.23410,1.66750,2.05800
1021,lots of cars,2,0.60930,1.25800,1.27000,0.00150,12,0.65800,1.57680,0.24400,0.91150,1.01700
1021,sleepy,2,0.07430,1.58700,1.45000,0.01360,9,0.24500,1.66680,0.11910,1.12200,1.53900
1021,awake,0,0.00000,0.00000,0.00000,0.00000,0,0.00000,0.00000,0.00000,0.00000,0.00000
1021,city,0,0.00000,0.00000,0.00000,0.00000,0,0.00000,0.00000,0.00000,0.00000,0.00000
1021,night,0,0.00000,0.00000,0.00000,0.00000,0,0.00000,0.00000,0.00000,0.00000,0.00000
1021,morning,1,0.25800,0.66400,0.71200,0.00000,10,0.34000,0.93100,0.13100,0.79050,0.37500
1021,sad,3,0.72430,1.27300,1.89200,0.92980,15,0.62520,2.21100,0.21340,1.56930,1.10700
1021,lazy,0,0.00000,0.00000,0.00000,0.00000,0,0.00000,0.00000,0.00000,0.00000,0.00000
1021,active,2,0.74500,1.01900,0.86200,0.92850,8,0.23520,1.32560,0.05940,0.99000,0.37300
1021,urban,0,0.00000,0.00000,0.00000,0.00000,0,0.00000,0.00000,0.00000,0.00000,0.00000
1021,mountains,2,0.29940,1.44500,1.41500,0.01360,11,0.47100,1.72280,0.16300,1.37600,1.20400
1021,country side,1,0.00610,0.69800,0.80000,0.00000,1,0.02100,0.85120,0.02990,0.52250,0.70300
1021,coast line,0,0.00000,0.00000,0.00000,0.00000,0,0.00000,0.00000,0.00000,0.00000,0.00000
1021,relaxed driving,2,0.05190,1.23400,1.62400,0.00020,1,0.19500,1.74110,0.10660,1.06340,0.87500
1021,free road,2,0.19930,0.76700,1.45800,0.92870,13,0.39120,1.55490,0.08440,1.20330,0.60900
1021,serpentine,0,0.00000,0.00000,0.00000,0.00000,0,0.00000,0.00000,0.00000,0.00000,0.00000
1021,highway,0,0.00000,0.00000,0.00000,0.00000,0,0.00000,0.00000,0.00000,0.00000,0.00000
1021,day time,0,0.00000,0.00000,0.00000,0.00000,0,0.00000,0.00000,0.00000,0.00000,0.00000
1021,afternoon,2,0.60690,1.35600,1.04600,0.00550,12,0.26300,1.45450,0.11680,1.11290,1.01800
1021,happy,1,0.04580,0.53600,0.82400,0.00020,0,0.17400,0.88990,0.07670,0.54090,0.17200
1021,sport driving,2,0.13010,1.28800,1.66000,0.00060,10,0.59800,1.81060,0.19170,1.08640,0.69100
1022,sunny,1,0.92700,0.53900,0.33200,0.91300,2,0.35600,0.61570,0.05000,0.41330,0.88800
1022,snowing,2,0.08530,1.45500,1.44100,0.90540,12,0.45600,1.51310,0.07630,1.15750,1.48700
1022,rainy,1,0.01540,0.73900,0.74800,0.00000,7,0.07010,0.85360,0.08670,0.55890,0.77800
1022,cloudy,1,0.94600,0.30300,0.04010,0.25400,0,0.10700,0.27000,0.04760,0.47800,0.22200
1022,traffic jam,0,0.00000,0.00000,0.00000,0.00000,0,0.00000,0.00000,0.00000,0.00000,0.00000
1022,lots of cars,3,2.70000,1.45600,0.60510,1.36500,7,0.59300,1.41160,0.15440,1.46520,1.55800
1022,sleepy,0,0.00000,0.00000,0.00000,0.00000,0,0.00000,0.00000,0.00000,0.00000,0.00000
1022,awake,1,0.82700,0.61400,0.23300,0.19800,5,0.13000,0.52590,0.05680,0.57390,0.44800
1022,city,4,0.25540,2.69700,2.98400,0.42100,11,0.87310,3.30650,0.20720,2.19160,2.32400
1022,night,2,0.23930,1.41900,1.40800,0.00000,0,0.64900,1.68060,0.08550,1.15430,0.98400
1022,morning,0,0.00000,0.00000,0.00000,0.00000,0,0.00000,0.00000,0.00000,0.00000,0.00000
1022,sad,2,0.13570,1.07500,1.40200,0.42100,14,0.26800,1.66480,0.06530,1.24220,1.13700
1022,lazy,0,0.00000,0.00000,0.00000,0.00000,0,0.00000,0.00000,0.00000,0.00000,0.00000
1022,active,1,0.94600,0.30300,0.04010,0.25400,0,0.10700,0.27000,0.04760,0.47800,0.22200
1022,urban,0,0.00000,0.00000,0.00000,0.00000,0,0.00000,0.00000,0.00000,0.00000,0.00000
1022,mountains,2,0.13570,1.07500,1.40200,0.42100,14,0.26800,1.66480,0.06530,1.24220,1.13700
1022,country side,0,0.00000,0.00000,0.00000,0.00000,0,0.00000,0.00000,0.00000,0.00000,0.00000
1022,coast line,3,0.94590,1.86400,2.01800,1.81000,19,0.69510,2.30250,0.16510,1.61760,2.23900
1022,relaxed driving,0,0.00000,0.00000,0.00000,0.00000,0,0.00000,0.00000,0.00000,0.00000,0.00000
1022,free road,1,0.08180,0.86900,0.50300,0.00840,2,0.18700,0.67990,0.04790,0.51210,0.91400
1022,serpentine,0,0.00000,0.00000,0.00000,0.00000,0,0.00000,0.00000,0.00000,0.00000,0.00000
1022,highway,0,0.00000,0.00000,0.00000,0.00000,0,0.00000,0.00000,0.00000,0.00000,0.00000
1022,day time,2,0.97900,1.29000,0.87500,0.19800,5,0.27000,1.36590,0.11580,1.14660,0.82200
1022,afternoon,0,0.00000,0.00000,0.00000,0.00000,0,0.00000,0.00000,0.00000,0.00000,0.00000
1022,happy,2,0.22230,1.27900,1.34000,0.00000,10,0.62300,1.73310,0.05680,1.34540,1.18500
1022,sport driving,2,0.08530,1.45500,1.44100,0.90540,12,0.45600,1.51310,0.07630,1.15750,1.48700
1023,sunny,6,1.45550,3.22600,4.30200,0.98720,31,1.08570,4.88770,0.28530,3.66940,4.28200
1023,snowing,5,1.58520,2.47100,2.85200,0.82960,44,0.56650,3.69320,0.47180,2.99850,3.19800
1023,rainy,4,0.49870,2.31300,2.72300,0.00660,29,0.49940,3.29970,0.43100,1.96920,3.11300
1023,cloudy,2,0.17420,1.41900,1.86500,0.06610,8,0.69200,1.75090,0.07450,1.26460,1.65800
1023,traffic jam,7,1.32560,4.60300,4.57000,0.00170,28,0.68900,5.90810,0.29330,3.85080,4.05000
1023,lots of cars,9,1.45490,5.73700,5.88600,1.99750,57,1.95480,7.35100,0.47800,5.36450,5.28300
1023,sleepy,3,1.09040,2.16100,1.93600,1.01500,22,0.29690,2.41500,0.43000,1.97950,1.80300
1023,awake,3,0.07120,2.15400,2.11600,0.97710,20,0.47650,2.59240,0.18870,1.77370,1.55100
1023,city,3,0.29430,1.49400,1.44100,0.00030,24,0.38100,1.99540,0.63100,1.26850,1.62200
1023,night,3,1.08600,2.23500,1.43200,0.00000,26,0.22910,2.15360,0.16660,1.79880,2.69600
1023,morning,5,1.87010,2.96200,2.85600,0.00000,41,0.50200,3.99860,0.21920,2.38020,2.94600
1023,sad,3,0.27230,1.69700,2.27000,0.23620,2,0.44440,2.56470,0.16450,1.40690,1.31100
1023,lazy,3,0.81050,1.70500,1.76300,0.10550,13,0.32430,2.34550,0.15240,1.77870,1.97700
1023,active,3,0.59780,1.73000,2.00800,0.00070,5,0.40900,2.52200,0.17670,1.73700,1.14800
1023,urban,3,0.00620,2.03300,2.69800,0.83220,7,0.52840,2.64670,0.11600,1.67270,2.25100
1023,mountains,6,2.75240,3.13000,3.47700,1.34970,30,1.39000,4.62660,0.22030,3.62190,3.24200
1023,country side,5,0.63600,2.69300,3.94400,0.02170,35,0.76880,4.31080,0.27050,3.08860,2.49800
1023,coast line,4,0.35510,2.39500,3.05000,0.23730,32,0.47130,3.38540,0.23840,2.22710,2.33100
1023,relaxed driving,5,0.69430,2.77300,2.72600,0.00110,36,0.63200,3.82240,0.46110,2.94640,2.85300
1023,free road,6,2.63650,3.69700,3.49600,2.64130,52,0.94390,4.69830,0.53670,3.18450,3.32500
1023,serpentine,3,0.52520,2.15300,2.14300,0.00690,30,0.52100,2.61470,0.15200,1.69960,1.84900
1023,highway,5,0.10940,2.77500,4.04100,1.25340,30,0.73910,4.07850,0.21290,3.06420,3.43600
1023,day time,5,0.24380,2.99900,3.89700,0.41630,45,0.88170,4.32340,0.21610,2.72380,2.54000
1023,afternoon,2,0.20580,1.35500,1.33800,0.00150,12,0.14440,1.65460,0.20400,1.33570,1.54300
1023,happy,9,1.76530,5.71200,6.49200,0.01200,54,1.85350,7.56070,0.51480,5.24240,5.62300
1023,sport driving,8,1.12540,5.00500,6.03500,0.01740,61,1.60040,6.60430,0.82030,4.25200,4.15300
1024,sunny,0,0.00000,0.00000,0.00000,0.00000,0,0.00000,0.00000,0.00000,0.00000,0.00000
1024,snowing,1,0.17200,0.84500,0.78200,0.00000,1,0.21700,0.89840,0.03170,0.60480,0.96100
1024,rainy,2,0.42400,0.84300,1.31000,0.00000,13,0.28200,1.78740,0.16470,1.19890,0.88100
1024,cloudy,3,0.91640,1.75200,1.93500,0.00160,7,0.92900,2.32620,0.09070,1.49930,1.52700
1024,traffic jam,0,0.00000,0.00000,0.00000,0.00000,0,0.00000,0.00000,0.00000,0.00000,0.00000
1024,lots of cars,0,0.00000,0.00000,0.00000,0.00000,0,0.00000,0.00000,0.00000,0.00000,0.00000
1024,sleepy,1,0.17700,0.75200,0.93200,0.00000,6,0.08730,0.86370,0.09890,0.59570,0.65100
1024,awake,1,0.82900,0.52400,0.25800,0.00160,4,0.32800,0.62930,0.02870,0.50880,0.34900
1024,city,0,0.00000,0.00000,0.00000,0.00000,0,0.00000,0.00000,0.00000,0.00000,0.00000
1024,night,2,0.05080,1.13200,1.09100,0.00000,14,0.16750,1.67190,0.08400,0.93700,0.65900
1024,morning,2,0.55000,1.20800,1.60600,0.00000,8,0.39200,1.82960,0.15170,1.43980,1.57700
1024,sad,0,0.00000,0.00000,0.00000,0.00000,0,0.00000,0.00000,0.00000,0.00000,0.00000
1024,lazy,1,0.17700,0.75200,0.93200,0.00000,6,0.08730,0.86370,0.09890,0.59570,0.65100
1024,active,1,0.00010,0.48500,0.91100,0.00000,3,0.09200,0.85630,0.03550,0.40890,0.56800
1024,urban,1,0.00480,0.65200,0.60500,0.00000,8,0.06050,0.81570,0.03930,0.57310,0.39400
1024,mountains,3,1.22820,1.77800,2.04900,0.00340,20,1.51400,2.31540,0.16830,1.53510,1.94200
1024,country side,0,0.00000,0.00000,0.00000,0.00000,0,0.00000,0.00000,0.00000,0.00000,0.00000
1024,coast line,0,0.00000,0.00000,0.00000,0.00000,0,0.00000,0.00000,0.00000,0.00000,0.00000
1024,relaxed driving,1,0.38200,0.53900,0.88400,0.00170,9,0.76000,0.83670,0.04030,0.45820,0.75200
1024,free road,1,0.01720,0.71500,0.90700,0.00010,7,0.42600,0.84940,0.09930,0.56810,0.84100
1024,serpentine,2,0.55400,1.38400,1.66600,0.00170,10,0.97700,1.73510,0.07200,1.06300,1.71300
1024,highway,0,0.00000,0.00000,0.00000,0.00000,0,0.00000,0.00000,0.00000,0.00000,0.00000
1024,day time,2,0.10450,1.45800,1.67300,0.00010,7,0.93500,1.69000,0.12580,1.14970,1.45100
1024,afternoon,1,0.37800,0.36300,0.82400,0.00000,7,0.17500,0.93120,0.12000,0.83500,0.61600
1024,happy,2,0.04610,0.96500,1.39700,0.00000,9,0.19900,1.71250,0.08020,0.77280,0.83300
1024,sport driving,3,0.26910,2.14700,2.30300,0.00000,14,0.65680,2.52000,0.16470,1.75040,1.65500
1025,sunny,0,0.00000,0.00000,0.00000,0.00000,0,0.00000,0.00000,0.00000,0.00000,0.00000
1025,snowing,0,0.00000,0.00000,0.00000,0.00000,0,0.00000,0.00000,0.00000,0.00000,0.00000
1025,rainy,0,0.00000,0.00000,0.00000,0.00000,0,0.00000,0.00000,0.00000,0.00000,0.00000
1025,cloudy,0,0.00000,0.00000,0.00000,0.00000,0,0.00000,0.00000,0.00000,0.00000,0.00000
1025,traffic jam,0,0.00000,0.00000,0.00000,0.00000,0,0.00000,0.00000,0.00000,0.00000,0.00000
1025,lots of cars,2,1.94200,0.90500,0.61700,0.81800,13,0.29600,1.32670,0.07210,1.05400,1.29800
1025,sleepy,1,0.97600,0.54600,0.16900,0.00000,6,0.13300,0.65370,0.03770,0.43770,0.54900
1025,awake,0,0.00000,0.00000,0.00000,0.00000,0,0.00000,0.00000,0.00000,0.00000,0.00000
1025,city,1,0.02490,0.77400,0.83800,0.02500,5,0.24200,0.90220,0.11400,0.65020,0.92400
1025,night,1,0.25200,0.50100,0.40700,0.00030,9,0.12800,0.67140,0.30500,0.35070,0.72200
1025,morning,0,0.00000,0.00000,0.00000,0.00000,0,0.00000,0.00000,0.00000,0.00000,0.00000
1025,sad,0,0.00000,0.00000,0.00000,0.00000,0,0.00000,0.00000,0.00000,0.00000,0.00000
1025,lazy,1,0.96600,0.35900,0.44800,0.81800,7,0.16300,0.67300,0.03440,0.61630,0.74900
1025,active,1,0.02490,0.77400,0.83800,0.02500,5,0.24200,0.90220,0.11400,0.65020,0.92400
1025,urban,0,0.00000,0.00000,0.00000,0.00000,0,0.00000,0.00000,0.00000,0.00000,0.00000
1025,mountains,0,0.00000,0.00000,0.00000,0.00000,0,0.00000,0.00000,0.00000,0.00000,0.00000
1025,country side,0,0.00000,0.00000,0.00000,0.00000,0,0.00000,0.00000,0.00000,0.00000,0.00000
1025,coast line,2,1.22800,1.04700,0.57600,0.00030,15,0.26100,1.32510,0.34270,0.78840,1.27100
1025,relaxed driving,0,0.00000,0.00000,0.00000,0.00000,0,0.00000,0.00000,0.00000,0.00000,0.00000
1025,free road,1,0.02490,0.77400,0.83800,0.02500,5,0.24200,0.90220,0.11400,0.65020,0.92400
1025,serpentine,1,0.25200,0.50100,0.40700,0.00030,9,0.12800,0.67140,0.30500,0.35070,0.72200
1025,highway,0,0.00000,0.00000,0.00000,0.00000,0,0.00000,0.00000,0.00000,0.00000,0.00000
1025,day time,0,0.00000,0.00000,0.00000,0.00000,0,0.00000,0.00000,0.00000,0.00000,0.00000
1025,afternoon,1,0.96600,0.35900,0.44800,0.81800,7,0.16300,0.67300,0.03440,0.61630,0.74900
1025,happy,0,0.00000,0.00000,0.00000,0.00000,0,0.00000,0.00000,0.00000,0.00000,0.00000
1025,sport driving,0,0.00000,0.00000,0.00000,0.00000,0,0.00000,0.00000,0.00000,0.00000,0.00000
1026,sunny,2,0.01620,1.20400,1.18600,0.00000,11,0.51300,1.33260,0.32590,1.14160,1.00100
1026,snowing,4,0.47020,2.52400,2.83900,0.01160,24,0.66130,3.31460,0.14970,2.32910,2.37400
1026,rainy,0,0.00000,0.00000,0.00000,0.00000,0,0.00000,0.00000,0.00000,0.00000,0.00000
1026,cloudy,1,0.11300,0.56300,0.75000,0.00000,11,0.07880,0.88760,0.12700,0.79050,0.81200
1026,traffic jam,5,0.64170,3.33100,3.72300,0.01130,45,1.61530,4.26570,0.31800,3.00110,2.71500
1026,lots of cars,1,0.18700,0.64200,0.63800,0.00030,9,0.24400,0.80400,0.02930,0.53630,0.58800
1026,sleepy,2,0.00190,0.93300,1.49200,0.01130,14,0.48030,1.56490,0.07180,1.26210,0.86400
1026,awake,0,0.00000,0.00000,0.00000,0.00000,0,0.00000,0.00000,0.00000,0.00000,0.00000
1026,city,2,0.07990,1.04600,1.84300,0.00660,14,0.34250,1.69380,0.08210,1.19540,1.69900
1026,night,2,0.16330,0.83400,1.46900,0.00570,19,0.41900,1.70130,0.08500,1.55350,1.11900
1026,morning,0,0.00000,0.00000,0.00000,0.00000,0,0.00000,0.00000,0.00000,0.00000,0.00000
1026,sad,2,0.17220,1.11900,1.50800,0.01130,10,0.31630,1.60990,0.07660,1.27050,1.38700
1026,lazy,1,0.11100,0.76300,0.69300,0.00000,5,0.10100,0.90070,0.04380,0.52230,0.39900
1026,active,2,0.95350,1.14000,0.66800,0.20800,11,0.26000,1.15370,0.54100,1.37810,1.49000
1026,urban,3,0.36190,2.54600,1.80500,0.65100,11,0.41650,2.42050,0.13820,1.82570,2.14200
1026,mountains,2,0.88900,1.12900,0.72600,0.01140,10,1.10100,1.35610,0.07520,1.19830,0.55500
1026,country side,3,0.98070,2.24400,1.61900,0.85910,15,0.45200,2.31750,0.33970,1.86080,1.93400
1026,coast line,2,0.13890,0.84800,1.49000,0.00530,16,0.41000,1.69240,0.07040,1.42270,1.37300
1026,relaxed driving,7,1.30510,4.17700,4.78000,0.00850,49,1.07200,5.59410,0.30920,4.17940,3.75700
1026,free road,1,0.00170,0.65900,0.76600,0.00000,5,0.38100,0.85340,0.02690,0.59640,0.43800
1026,serpentine,3,0.04670,1.15500,2.23100,0.01100,21,0.73300,2.08790,0.39380,1.99380,1.90500
1026,highway,6,1.25880,3.65100,3.81500,0.00150,37,0.85000,4.95110,0.23550,3.47350,2.35500
1026,day time,2,0.19170,1.44000,1.26700,0.00030,20,0.56800,1.63260,0.10280,1.12720,0.98800
1026,afternoon,2,0.29700,1.17500,1.32500,0.01000,21,1.06380,1.67530,0.16490,1.36900,1.15700
1026,happy,1,0.00470,0.79800,0.62900,0.00000,11,0.32400,0.82860,0.07350,0.59090,0.40000
1026,sport driving,4,1.13290,2.76600,2.06800,0.85900,22,0.45550,3.06380,0.39270,2.64390,2.26500
1027,sunny,3,0.17330,1.51000,1.56900,0.00000,15,0.33800,2.02330,0.37540,1.53180,1.83300
1027,snowing,1,0.07950,0.57300,0.91600,0.00000,0,0.07840,0.91530,0.06160,0.38400,0.87100
1027,rainy,1,0.00350,0.58600,0.93800,0.89700,10,0.26900,0.83320,0.02840,0.64540,0.57300
1027,cloudy,0,0.00000,0.00000,0.00000,0.00000,0,0.00000,0.00000,0.00000,0.00000,0.00000
1027,traffic jam,1,0.87700,0.71300,0.25800,0.00610,9,0.09670,0.63520,0.03840,0.44910,0.56000
1027,lots of cars,0,0.00000,0.00000,0.00000,0.00000,0,0.00000,0.00000,0.00000,0.00000,0.00000
1027,sleepy,0,0.00000,0.00000,0.00000,0.00000,0,0.00000,0.00000,0.00000,0.00000,0.00000
1027,awake,0,0.00000,0.00000,0.00000,0.00000,0,0.00000,0.00000,0.00000,0.00000,0.00000
1027,city,3,1.09150,1.82200,1.74800,0.00610,19,0.28910,2.44300,0.13030,1.59690,2.00600
1027,night,2,0.24600,1.22500,1.57100,0.00000,13,0.48800,1.82650,0.07600,1.35470,1.31000
1027,morning,1,0.08830,0.47100,0.91600,0.00010,2,0.41300,0.88380,0.03910,0.65900,0.60200
1027,sad,3,0.15330,1.68200,2.03100,0.00000,18,0.62700,2.25800,0.37170,1.50870,1.63500
1027,lazy,2,0.13850,1.12200,1.51200,0.89700,20,0.38300,1.72570,0.05870,1.40920,1.14800
1027,active,0,0.00000,0.00000,0.00000,0.00000,0,0.00000,0.00000,0.00000,0.00000,0.00000
1027,urban,1,0.11100,0.68900,0.99700,0.00000,3,0.37400,0.93400,0.04570,0.59090,0.73500
1027,mountains,1,0.08830,0.47100,0.91600,0.00010,2,0.41300,0.88380,0.03910,0.65900,0.60200
1027,country side,0,0.00000,0.00000,0.00000,0.00000,0,0.00000,0.00000,0.00000,0.00000,0.00000
1027,coast line,2,0.28130,0.76700,1.58000,0.00010,2,0.58200,1.74310,0.08320,0.98980,0.76900
1027,relaxed driving,1,0.13100,0.51700,0.53500,0.00000,0,0.08500,0.69930,0.04940,0.61400,0.93300
1027,free road,1,0.01450,0.54500,0.42000,0.00000,6,0.13200,0.47920,0.29900,0.54520,0.56300
1027,serpentine,1,0.19300,0.29600,0.66400,0.00000,0,0.16900,0.85930,0.04410,0.33080,0.16700
1027,highway,2,0.03130,1.03400,1.55200,0.89700,19,0.39000,1.67800,0.05540,1.01800,0.91000
1027,day time,0,0.00000,0.00000,0.00000,0.00000,0,0.00000,0.00000,0.00000,0.00000,0.00000
1027,afternoon,3,1.08750,1.80300,1.70900,0.00610,9,0.26010,2.24980,0.14940,1.44710,2.36400
1027,happy,1,0.19300,0.29600,0.66400,0.00000,0,0.16900,0.85930,0.04410,0.33080,0.16700
1027,sport driving,0,0.00000,0.00000,0.00000,0.00000,0,0.00000,0.00000,0.00000,0.00000,0.00000
1028,sunny,0,0.00000,0.00000,0.00000,0.00000,0,0.00000,0.00000,0.00000,0.00000,0.00000
1028,snowing,1,0.00500,0.69200,0.67900,0.00000,3,0.32700,0.83220,0.15500,0.40910,0.93400
1028,rainy,1,0.00500,0.69200,0.67900,0.00000,3,0.32700,0.83220,0.15500,0.40910,0.93400
1028,cloudy,0,0.00000,0.00000,0.00000,0.00000,0,0.00000,0.00000,0.00000,0.00000,0.00000
1028,traffic jam,0,0.00000,0.00000,0.00000,0.00000,0,0.00000,0.00000,0.00000,0.00000,0.00000
1028,lots of cars,1,0.62200,0.41100,0.54700,0.10400,2,0.17300,0.70410,0.04500,0.87410,0.62900
1028,sleepy,0,0.00000,0.00000,0.00000,0.00000,0,0.00000,0.00000,0.00000,0.00000,0.00000
1028,awake,0,0.00000,0.00000,0.00000,0.00000,0,0.00000,0.00000,0.00000,0.00000,0.00000
1028,city,1,0.00580,0.59500,0.70800,0.10800,10,0.97900,0.79330,0.03250,0.59090,0.27100
1028,night,0,0.00000,0.00000,0.00000,0.00000,0,0.00000,0.00000,0.00000,0.00000,0.00000
1028,morning,0,0.00000,0.00000,0.00000,0.00000,0,0.00000,0.00000,0.00000,0.00000,0.00000
1028,sad,0,0.00000,0.00000,0.00000,0.00000,0,0.00000,0.00000,0.00000,0.00000,0.00000
1028,lazy,0,0.00000,0.00000,0.00000,0.00000,0,0.00000,0.00000,0.00000,0.00000,0.00000
1028,active,0,0.00000,0.00000,0.00000,0.00000,0,0.00000,0.00000,0.00000,0.00000,0.00000
1028,urban,2,0.62700,1.10300,1.22600,0.10400,5,0.50000,1.53630,0.20000,1.28320,1.56300
1028,mountains,0,0.00000,0.00000,0.00000,0.00000,0,0.00000,0.00000,0.00000,0.00000,0.00000
1028,country side,0,0.00000,0.00000,0.00000,0.00000,0,0.00000,0.00000,0.00000,0.00000,0.00000
1028,coast line,1,0.62200,0.41100,0.54700,0.10400,2,0.17300,0.70410,0.04500,0.87410,0.62900
1028,relaxed driving,0,0.00000,0.00000,0.00000,0.00000,0,0.00000,0.00000,0.00000,0.00000,0.00000
1028,free road,0,0.00000,0.00000,0.00000,0.00000,0,0.00000,0.00000,0.00000,0.00000,0.00000
1028,serpentine,0,0.00000,0.00000,0.00000,0.00000,0,0.00000,0.00000,0.00000,0.00000,0.00000
1028,highway,0,0.00000,0.00000,0.00000,0.00000,0,0.00000,0.00000,0.00000,0.00000,0.00000
1028,day time,1,0.00580,0.59500,0.70800,0.10800,10,0.97900,0.79330,0.03250,0.59090,0.27100
1028,afternoon,0,0.00000,0.00000,0.00000,0.00000,0,0.00000,0.00000,0.00000,0.00000,0.00000
1028,happy,0,0.00000,0.00000,0.00000,0.00000,0,0.00000,0.00000,0.00000,0.00000,0.00000
1028,sport driving,1,0.00580,0.59500,0.70800,0.10800,10,0.97900,0.79330,0.03250,0.59090,0.27100
1029,sunny,0,0.00000,0.00000,0.00000,0.00000,0,0.00000,0.00000,0.00000,0.00000,0.00000
1029,snowing,1,0.11300,0.56300,0.75000,0.00000,11,0.07880,0.88760,0.12700,0.79050,0.81200
1029,rainy,0,0.00000,0.00000,0.00000,0.00000,0,0.00000,0.00000,0.00000,0.00000,0.00000
1029,cloudy,0,0.00000,0.00000,0.00000,0.00000,0,0.00000,0.00000,0.00000,0.00000,0.00000
1029,traffic jam,1,0.09910,0.75500,0.83700,0.00000,2,0.28900,0.93200,0.14200,0.54560,0.71400
1029,lots of cars,0,0.00000,0.00000,0.00000,0.00000,0,0.00000,0.00000,0.00000,0.00000,0.00000
1029,sleepy,0,0.00000,0.00000,0.00000,0.00000,0,0.00000,0.00000,0.00000,0.00000,0.00000
1029,awake,1,0.09910,0.75500,0.83700,0.00000,2,0.28900,0.93200,0.14200,0.54560,0.71400
1029,city,0,0.00000,0.00000,0.00000,0.00000,0,0.00000,0.00000,0.00000,0.00000,0.00000
1029,night,1,0.11300,0.56300,0.75000,0.00000,11,0.07880,0.88760,0.12700,0.79050,0.81200
1029,morning,0,0.00000,0.00000,0.00000,0.00000,0,0.00000,0.00000,0.00000,0.00000,0.00000
1029,sad,0,0.00000,0.00000,0.00000,0.00000,0,0.00000,0.00000,0.00000,0.00000,0.00000
1029,lazy,0,0.00000,0.00000,0.00000,0.00000,0,0.00000,0.00000,0.00000,0.00000,0.00000
1029,active,1,0.38200,0.53900,0.88400,0.00170,9,0.76000,0.83670,0.04030,0.45820,0.75200
1029,urban,1,0.17700,0.75200,0.93200,0.00000,6,0.08730,0.86370,0.09890,0.59570,0.65100
1029,mountains,2,0.45800,1.27300,1.81100,0.00300,17,0.80650,1.73060,0.08230,0.99470,1.65300
1029,country side,0,0.00000,0.00000,0.00000,0.00000,0,0.00000,0.00000,0.00000,0.00000,0.00000
1029,coast line,1,0.11300,0.56300,0.75000,0.00000,11,0.07880,0.88760,0.12700,0.79050,0.81200
1029,relaxed driving,2,0.27610,1.50700,1.76900,0.00000,8,0.37630,1.79570,0.24090,1.14130,1.36500
1029,free road,0,0.00000,0.00000,0.00000,0.00000,0,0.00000,0.00000,0.00000,0.00000,0.00000
1029,serpentine,0,0.00000,0.00000,0.00000,0.00000,0,0.00000,0.00000,0.00000,0.00000,0.00000
1029,highway,0,0.00000,0.00000,0.00000,0.00000,0,0.00000,0.00000,0.00000,0.00000,0.00000
1029,day time,2,0.45800,1.27300,1.81100,0.00300,17,0.80650,1.73060,0.08230,0.99470,1.65300
1029,afternoon,1,0.17700,0.75200,0.93200,0.00000,6,0.08730,0.86370,0.09890,0.59570,0.65100
1029,happy,1,0.07600,0.73400,0.92700,0.00130,8,0.04650,0.89390,0.04200,0.53650,0.90100
1029,sport driving,0,0.00000,0.00000,0.00000,0.00000,0,0.00000,0.00000,0.00000,0.00000,0.00000
1030,sunny,1,0.00400,0.47000,0.79700,0.00000,7,0.12800,0.86720,0.04420,0.59010,0.15700
1030,snowing,1,0.00460,0.57400,0.70400,0.00000,6,0.10700,0.88200,0.03190,0.50000,0.36800
1030,rainy,0,0.00000,0.00000,0.00000,0.00000,0,0.00000,0.00000,0.00000,0.00000,0.00000
1030,cloudy,1,0.82700,0.61400,0.23300,0.19800,5,0.13000,0.52590,0.05680,0.57390,0.44800
1030,traffic jam,0,0.00000,0.00000,0.00000,0.00000,0,0.00000,0.00000,0.00000,0.00000,0.00000
1030,lots of cars,0,0.00000,0.00000,0.00000,0.00000,0,0.00000,0.00000,0.00000,0.00000,0.00000
1030,sleepy,0,0.00000,0.00000,0.00000,0.00000,0,0.00000,0.00000,0.00000,0.00000,0.00000
1030,awake,1,0.82900,0.52400,0.25800,0.00160,4,0.32800,0.62930,0.02870,0.50880,0.34900
1030,city,2,1.46900,1.28700,1.01600,0.00160,10,0.39860,1.50160,0.08630,0.93030,0.86400
1030,night,0,0.00000,0.00000,0.00000,0.00000,0,0.00000,0.00000,0.00000,0.00000,0.00000
1030,morning,2,0.83300,0.99400,1.05500,0.00160,11,0.45600,1.49650,0.07290,1.09890,0.50600
1030,sad,0,0.00000,0.00000,0.00000,0.00000,0,0.00000,0.00000,0.00000,0.00000,0.00000
1030,lazy,3,0.01250,1.92200,2.23000,0.00010,14,0.25170,2.60380,0.10750,1.61400,1.47600
1030,active,2,0.64310,1.45900,1.67900,0.00010,6,0.15480,1.77840,0.09390,0.96240,1.22900
1030,urban,3,0.64490,2.01500,2.58300,0.00010,17,0.21610,2.64750,0.14080,1.58960,1.86100
1030,mountains,1,0.00500,0.69200,0.67900,0.00000,3,0.32700,0.83220,0.15500,0.40910,0.93400
1030,country side,2,0.21800,1.19100,0.88000,0.61500,5,0.48100,1.52520,0.18670,0.82290,0.98140
1030,coast line,2,0.00660,1.20800,1.50900,0.00000,19,0.12180,1.68480,0.08620,1.20030,1.02600
1030,relaxed driving,3,1.04400,1.58300,1.23100,0.81300,14,0.41200,2.08610,0.13270,1.57780,0.65240
1030,free road,0,0.00000,0.00000,0.00000,0.00000,0,0.00000,0.00000,0.00000,0.00000,0.00000
1030,serpentine,2,0.83180,1.26600,0.83800,0.19800,13,0.19050,1.34160,0.09610,1.14700,0.84200
1030,highway,1,0.00180,0.55600,0.90400,0.00000,11,0.06130,0.86910,0.04690,0.62720,0.63200
1030,day time,0,0.00000,0.00000,0.00000,0.00000,0,0.00000,0.00000,0.00000,0.00000,0.00000
1030,afternoon,1,0.21300,0.49900,0.20100,0.61500,2,0.15400,0.69300,0.03170,0.41380,0.04740
1030,happy,1,0.00500,0.69200,0.67900,0.00000,3,0.32700,0.83220,0.15500,0.40910,0.93400
1030,sport driving,1,0.00460,0.57400,0.70400,0.00000,6,0.10700,0.88200,0.03190,0.50000,0.36800
1031,sunny,0,0.00000,0.00000,0.00000,0.00000,0,0.00000,0.00000,0.00000,0.00000,0.00000
1031,snowing,1,0.97600,0.54600,0.16900,0.00000,6,0.13300,0.65370,0.03770,0.43770,0.54900
1031,rainy,0,0.00000,0.00000,0.00000,0.00000,0,0.00000,0.00000,0.00000,0.00000,0.00000
1031,cloudy,0,0.00000,0.00000,0.00000,0.00000,0,0.00000,0.00000,0.00000,0.00000,0.00000
1031,traffic jam,2,1.07900,1.21500,0.97400,0.91300,2,0.49600,1.45570,0.10900,0.98600,1.26200
1031,lots of cars,0,0.00000,0.00000,0.00000,0.00000,0,0.00000,0.00000,0.00000,0.00000,0.00000
1031,sleepy,0,0.00000,0.00000,0.00000,0.00000,0,0.00000,0.00000,0.00000,0.00000,0.00000
1031,awake,2,0.98910,1.32300,0.89400,0.00800,6,0.37900,1.43670,0.08770,0.96800,1.07800
1031,city,2,0.16510,1.45300,1.36700,0.00800,0,0.38600,1.62300,0.10900,1.10300,0.90300
1031,night,0,0.00000,0.00000,0.00000,0.00000,0,0.00000,0.00000,0.00000,0.00000,0.00000
1031,morning,0,0.00000,0.00000,0.00000,0.00000,0,0.00000,0.00000,0.00000,0.00000,0.00000
1031,sad,0,0.00000,0.00000,0.00000,0.00000,0,0.00000,0.00000,0.00000,0.00000,0.00000
1031,lazy,0,0.00000,0.00000,0.00000,0.00000,0,0.00000,0.00000,0.00000,0.00000,0.00000
1031,active,2,0.94010,1.31600,1.05700,0.92100,2,0.60200,1.39870,0.10000,0.94360,1.41700
1031,urban,1,0.18400,0.61200,0.57500,0.01000,10,0.98500,0.78770,0.03790,0.57850,0.34500
1031,mountains,0,0.00000,0.00000,0.00000,0.00000,0,0.00000,0.00000,0.00000,0.00000,0.00000
1031,country side,1,0.92700,0.53900,0.33200,0.91300,2,0.35600,0.61570,0.05000,0.41330,0.88800
1031,coast line,1,0.15200,0.67600,0.64200,0.00000,0,0.14000,0.84000,0.05900,0.57270,0.37400
1031,relaxed driving,0,0.00000,0.00000,0.00000,0.00000,0,0.00000,0.00000,0.00000,0.00000,0.00000
1031,free road,0,0.00000,0.00000,0.00000,0.00000,0,0.00000,0.00000,0.00000,0.00000,0.00000
1031,serpentine,0,0.00000,0.00000,0.00000,0.00000,0,0.00000,0.00000,0.00000,0.00000,0.00000
1031,highway,0,0.00000,0.00000,0.00000,0.00000,0,0.00000,0.00000,0.00000,0.00000,0.00000
1031,day time,1,0.18400,0.61200,0.57500,0.01000,10,0.98500,0.78770,0.03790,0.57850,0.34500
1031,afternoon,0,0.00000,0.00000,0.00000,0.00000,0,0.00000,0.00000,0.00000,0.00000,0.00000
1031,happy,1,0.97600,0.54600,0.16900,0.00000,6,0.13300,0.65370,0.03770,0.43770,0.54900
1031,sport driving,1,0.18400,0.61200,0.57500,0.01000,10,0.98500,0.78770,0.03790,0.57850,0.34500
1032,sunny,1,0.00130,0.66600,0.70800,0.01740,0,0.51000,0.86610,0.02880,0.56790,0.23900
1032,snowing,0,0.00000,0.00000,0.00000,0.00000,0,0.00000,0.00000,0.00000,0.00000,0.00000
1032,rainy,2,0.34160,1.22000,1.25500,0.00010,0,0.45600,1.65390,0.07860,0.81620,1.14200
1032,cloudy,2,0.23490,1.37500,1.39500,0.01020,21,1.09200,1.68310,0.09560,1.14680,1.17400
1032,traffic jam,5,0.60670,2.94100,3.31100,0.01030,31,1.56100,4.05630,0.19480,2.26740,1.96100
1032,lots of cars,2,0.08040,1.25900,1.12300,0.00000,0,0.32500,1.54050,0.07240,1.18160,0.57900
1032,sleepy,1,0.99600,0.43600,0.17800,0.91200,5,0.25900,0.66600,0.04480,0.50840,0.46400
1032,awake,2,0.42600,1.30600,1.87200,0.00000,8,0.47700,1.82300,0.08750,1.12260,1.23900
1032,city,1,0.02660,0.76200,0.74800,0.00000,0,0.34800,0.89620,0.03300,0.50000,0.85100
1032,night,0,0.00000,0.00000,0.00000,0.00000,0,0.00000,0.00000,0.00000,0.00000,0.00000
1032,morning,2,0.82540,1.47700,0.91900,0.00000,8,0.28100,1.46020,0.09870,0.97400,1.16600
1032,sad,4,1.54890,2.44100,2.63000,0.17010,17,0.72100,3.08480,0.18270,2.67650,2.70800
1032,lazy,3,0.16750,1.70200,2.04700,0.00010,2,0.37800,2.45620,0.10840,1.81810,0.78700
1032,active,0,0.00000,0.00000,0.00000,0.00000,0,0.00000,0.00000,0.00000,0.00000,0.00000
1032,urban,3,1.99600,1.21000,1.54900,1.01600,14,0.60700,2.30130,0.20980,2.21750,1.70900
1032,mountains,4,1.37120,2.47400,2.75700,0.01010,32,1.70100,3.28770,0.32950,2.43750,2.58200
1032,country side,3,0.11880,1.89300,2.29100,0.00030,22,0.36500,2.55190,0.12670,1.46820,1.39700
1032,coast line,4,0.68750,2.35800,2.81700,0.12150,9,1.26800,3.21930,0.21910,2.67360,1.90200
1032,relaxed driving,5,0.45630,3.52900,3.82800,0.00040,33,1.01200,4.22900,0.26750,2.65900,3.31700
1032,free road,1,0.06320,0.73000,0.86800,0.06610,5,0.31800,0.81690,0.02880,0.67370,0.92300
1032,serpentine,2,1.03580,1.17700,0.93600,0.91210,15,0.46900,1.52040,0.08710,0.98120,1.22100
1032,highway,1,0.06320,0.73000,0.86800,0.06610,5,0.31800,0.81690,0.02880,0.67370,0.92300
1032,day time,3,0.04700,1.93800,2.29900,0.01740,11,1.01200,2.60670,0.10500,1.48600,1.44000
1032,afternoon,2,0.48900,1.05200,1.82100,0.00000,10,0.54900,1.86520,0.16570,1.42590,1.35100
1032,happy,2,0.18270,1.20500,1.76100,0.00000,5,0.48900,1.77840,0.08230,1.26370,1.11100
1032,sport driving,2,0.63000,1.07500,1.38200,0.00010,5,0.21100,1.64670,0.08740,0.84790,0.79500
1033,sunny,9,2.50130,4.81900,5.74900,1.15020,30,2.43900,7.24640,0.43660,5.64950,3.98700
1033,snowing,12,2.99710,6.84800,7.90000,1.96940,51,4.02250,9.56740,0.46610,6.88060,5.39100
1033,rainy,9,1.56330,5.60400,6.42400,0.61620,53,2.62080,7.38610,1.18830,4.93230,4.88800
1033,cloudy,14,4.19640,9.16200,8.12300,1.76820,70,3.25350,10.93140,1.13030,7.99070,7.35500
1033,traffic jam,16,3.65940,9.75500,9.97100,3.83860,75,3.04530,12.47960,1.37180,9.58160,7.51760
1033,lots of cars,19,2.75770,10.76200,12.64100,1.95120,98,3.22530,15.30020,1.15010,10.17340,10.36990
1033,sleepy,9,2.49800,5.76100,5.67000,0.91340,44,2.31420,7.18600,0.83720,4.80130,4.56400
1033,awake,4,2.09390,1.96000,2.31900,0.92310,18,0.86000,3.08810,0.28670,2.49700,2.20600
1033,city,10,0.50900,6.73300,7.47800,1.23110,41,1.57060,8.57090,0.56010,5.32190,5.34500
1033,night,8,2.23020,4.45200,5.19100,0.00300,39,1.62200,6.59240,0.45160,4.25820,3.58200
1033,morning,11,2.88710,6.10100,7.97800,2.91960,54,1.74900,9.05680,0.55820,6.49600,5.45400
1033,sad,9,3.35030,5.37500,4.58500,0.81460,40,1.31930,6.76710,0.49420,4.69040,4.49740
1033,lazy,7,1.59900,4.22100,4.33800,0.96050,48,1.92420,5.61160,0.31940,3.77890,3.21100
1033,active,15,3.18440,9.63900,9.43400,1.50580,96,3.02000,12.02890,0.89160,7.99860,8.67900
1033,urban,19,3.68650,10.76500,11.45100,2.56020,119,3.46470,14.88940,1.18610,10.76450,9.58200
1033,mountains,13,2.12180,8.49000,9.09000,1.40520,80,2.66870,10.69440,0.61410,7.05790,7.37400
1033,country side,10,0.64180,6.67600,7.30100,0.06190,34,1.20490,8.54680,0.53810,5.59360,5.23900
1033,coast line,15,2.80330,9.10300,9.48400,0.19700,82,4.98350,11.95650,1.36050,9.04070,8.03900
1033,relaxed driving,21,2.90190,14.42700,14.79200,2.22030,134,4.40830,17.80910,1.44280,11.20690,11.82060
1033,free road,20,4.80660,12.01700,12.30900,4.36470,115,3.96760,15.71380,1.50020,10.12930,10.84330
1033,serpentine,17,3.96200,10.59800,11.83900,1.11940,113,3.81580,14.03740,1.21500,9.42020,10.90150
1033,highway,23,3.25720,13.64000,17.04400,2.92970,102,3.90190,19.10090,1.40710,12.18230,11.91040
1033,day time,11,1.57650,6.76300,7.20100,1.55070,50,2.88690,8.88600,0.51710,6.14070,4.87300
1033,afternoon,13,3.07920,7.17300,9.07500,1.74530,66,3.05510,10.67460,0.80060,7.25770,7.28450
1033,happy,14,2.64190,8.42500,8.59800,1.43440,80,3.28370,10.93630,1.24940,7.90540,7.98800
1033,sport driving,17,3.43640,10.95600,11.02800,0.22000,71,3.78580,13.77780,1.15470,9.34320,10.83100
1034,sunny,0,0.00000,0.00000,0.00000,0.00000,0,0.00000,0.00000,0.00000,0.00000,0.00000
1034,snowing,0,0.00000,0.00000,0.00000,0.00000,0,0.00000,0.00000,0.00000,0.00000,0.00000
1034,rainy,0,0.00000,0.00000,0.00000,0.00000,0,0.00000,0.00000,0.00000,0.00000,0.00000
1034,cloudy,0,0.00000,0.00000,0.00000,0.00000,0,0.00000,0.00000,0.00000,0.00000,0.00000
1034,traffic jam,0,0.00000,0.00000,0.00000,0.00000,0,0.00000,0.00000,0.00000,0.00000,0.00000
1034,lots of cars,1,0.06320,0.73000,0.86800,0.06610,5,0.31800,0.81690,0.02880,0.67370,0.92300
1034,sleepy,0,0.00000,0.00000,0.00000,0.00000,0,0.00000,0.00000,0.00000,0.00000,0.00000
1034,awake,0,0.00000,0.00000,0.00000,0.00000,0,0.00000,0.00000,0.00000,0.00000,0.00000
1034,city,0,0.00000,0.00000,0.00000,0.00000,0,0.00000,0.00000,0.00000,0.00000,0.00000
1034,night,0,0.00000,0.00000,0.00000,0.00000,0,0.00000,0.00000,0.00000,0.00000,0.00000
1034,morning,0,0.00000,0.00000,0.00000,0.00000,0,0.00000,0.00000,0.00000,0.00000,0.00000
1034,sad,0,0.00000,0.00000,0.00000,0.00000,0,0.00000,0.00000,0.00000,0.00000,0.00000
1034,lazy,1,0.06320,0.73000,0.86800,0.06610,5,0.31800,0.81690,0.02880,0.67370,0.92300
1034,active,1,0.06320,0.73000,0.86800,0.06610,5,0.31800,0.81690,0.02880,0.67370,0.92300
1034,urban,0,0.00000,0.00000,0.00000,0.00000,0,0.00000,0.00000,0.00000,0.00000,0.00000
1034,mountains,0,0.00000,0.00000,0.00000,0.00000,0,0.00000,0.00000,0.00000,0.00000,0.00000
1034,country side,0,0.00000,0.00000,0.00000,0.00000,0,0.00000,0.00000,0.00000,0.00000,0.00000
1034,coast line,0,0.00000,0.00000,0.00000,0.00000,0,0.00000,0.00000,0.00000,0.00000,0.00000
1034,relaxed driving,0,0.00000,0.00000,0.00000,0.00000,0,0.00000,0.00000,0.00000,0.00000,0.00000
1034,free road,0,0.00000,0.00000,0.00000,0.00000,0,0.00000,0.00000,0.00000,0.00000,0.00000
1034,serpentine,0,0.00000,0.00000,0.00000,0.00000,0,0.00000,0.00000,0.00000,0.00000,0.00000
1034,highway,0,0.00000,0.00000,0.00000,0.00000,0,0.00000,0.00000,0.00000,0.00000,0.00000
1034,day time,0,0.00000,0.00000,0.00000,0.00000,0,0.00000,0.00000,0.00000,0.00000,0.00000
1034,afternoon,0,0.00000,0.00000,0.00000,0.00000,0,0.00000,0.00000,0.00000,0.00000,0.00000
1034,happy,0,0.00000,0.00000,0.00000,0.00000,0,0.00000,0.00000,0.00000,0.00000,0.00000
1034,sport driving,0,0.00000,0.00000,0.00000,0.00000,0,0.00000,0.00000,0.00000,0.00000,0.00000
1035,sunny,3,0.71170,1.88000,1.85400,0.00140,3,0.18660,2.31670,0.12460,1.77000,1.64400
1035,snowing,2,1.04000,1.10200,1.08200,0.91300,13,0.43480,1.50330,0.17700,1.20380,1.70000
1035,rainy,0,0.00000,0.00000,0.00000,0.00000,0,0.00000,0.00000,0.00000,0.00000,0.00000
1035,cloudy,2,1.13000,1.01200,0.83200,0.92400,10,1.08700,1.44190,0.08060,1.06540,0.44150
1035,traffic jam,3,0.88960,1.79400,1.62900,0.01140,12,1.15060,2.25320,0.13260,1.82600,1.28600
1035,lots of cars,1,0.15200,0.67600,0.64200,0.00000,0,0.14000,0.84000,0.05900,0.57270,0.37400
1035,sleepy,1,0.99600,0.43600,0.17800,0.91200,5,0.25900,0.66600,0.04480,0.50840,0.46400
1035,awake,0,0.00000,0.00000,0.00000,0.00000,0,0.00000,0.00000,0.00000,0.00000,0.00000
1035,city,3,0.95320,1.97900,1.87800,0.95540,7,1.10800,2.38400,0.19280,1.63140,2.05100
1035,night,1,0.11300,0.56300,0.75000,0.00000,11,0.07880,0.88760,0.12700,0.79050,0.81200
1035,morning,1,0.94600,0.40000,0.25700,0.91400,0,0.10200,0.65420,0.04270,0.48690,0.09650
1035,sad,0,0.00000,0.00000,0.00000,0.00000,0,0.00000,0.00000,0.00000,0.00000,0.00000
1035,lazy,5,1.94090,3.00500,2.41300,1.77680,28,0.73760,3.63810,0.52150,2.39060,3.01100
1035,active,4,1.05020,2.46800,2.56900,0.00030,21,0.35600,3.09830,0.44270,1.73800,2.77300
1035,urban,3,1.13890,1.95500,1.80800,0.93830,16,0.84200,2.32190,0.19330,1.59980,2.40000
1035,mountains,2,0.14510,1.23500,1.32300,0.00000,8,0.39600,1.78820,0.18670,0.90950,0.97900
1035,country side,1,0.00610,0.69800,0.80000,0.00000,1,0.02100,0.85120,0.02990,0.52250,0.70300
1035,coast line,3,0.48500,1.62300,1.53100,0.00060,24,0.47900,2.33160,0.37900,1.25090,1.57500
1035,relaxed driving,4,1.33050,2.74700,2.22100,0.88940,17,0.60060,3.04510,0.26790,2.47510,2.39100
1035,free road,2,0.94400,1.46000,1.09300,0.00000,8,0.25500,1.55940,0.13130,1.02860,1.15400
1035,serpentine,6,1.37330,3.74600,3.79700,0.94090,21,2.20060,4.87510,0.36600,3.15450,3.06100
1035,highway,4,1.23010,2.85700,2.56800,0.00030,19,0.78800,3.29540,0.30260,2.11050,2.45600
1035,day time,2,0.13880,1.27200,1.07400,0.00150,7,0.17260,1.62320,0.12170,0.90910,0.99600
1035,afternoon,3,1.06030,1.62900,1.71500,0.93140,11,0.69080,2.40790,0.19850,1.84530,1.14750
1035,happy,1,0.60000,0.79100,0.32900,0.86300,10,0.19300,0.67740,0.05920,0.57740,0.52600
1035,sport driving,0,0.00000,0.00000,0.00000,0.00000,0,0.00000,0.00000,0.00000,0.00000,0.00000
1036,sunny,3,0.43550,1.86900,2.70900,0.00000,15,0.25640,2.68280,0.19690,1.67970,1.89200
1036,snowing,5,1.68380,3.14400,3.44800,0.41010,32,1.55900,4.14410,0.29550,2.67190,2.44200
1036,rainy,1,0.00180,0.55600,0.90400,0.00000,11,0.06130,0.86910,0.04690,0.62720,0.63200
1036,cloudy,2,0.02830,1.42100,1.51400,0.00000,5,0.72900,1.74960,0.05990,1.09640,1.28900
1036,traffic jam,2,0.96300,1.04600,1.09900,0.00140,0,0.39900,1.48020,0.08470,1.28350,0.86000
1036,lots of cars,1,0.78800,0.51700,0.24600,0.00100,9,0.13300,0.70020,0.03080,0.47840,0.52500
1036,sleepy,2,0.00200,1.41400,1.58000,1.06100,6,0.28100,1.71430,0.10050,1.14470,0.73800
1036,awake,2,0.18040,1.60200,1.47600,0.91100,15,0.13880,1.75720,0.22690,1.19570,0.91100
1036,city,3,0.79630,1.73000,1.71400,0.00140,7,0.75300,2.27620,0.10800,1.79150,0.97700
1036,night,1,0.00180,0.55600,0.90400,0.00000,11,0.06130,0.86910,0.04690,0.62720,0.63200
1036,morning,3,0.70640,1.72800,2.13000,0.21810,24,0.97760,2.54390,0.22030,1.58090,1.19500
1036,sad,5,1.35080,3.28000,3.08900,0.00010,16,0.85200,3.96890,0.31290,2.41790,3.00700
1036,lazy,3,0.09890,1.78200,2.46100,0.00000,14,0.27650,2.63610,0.19250,1.53300,1.80600
1036,active,0,0.00000,0.00000,0.00000,0.00000,0,0.00000,0.00000,0.00000,0.00000,0.00000
1036,urban,2,0.53610,1.42300,1.71600,0.00020,6,0.79420,1.77550,0.15130,1.17530,1.48600
1036,mountains,5,1.23880,2.83200,3.45800,0.21900,31,0.67300,4.16190,0.29830,2.82940,2.83200
1036,country side,4,1.12550,2.94900,2.74500,0.00010,17,0.89220,3.27120,0.24750,2.11090,2.42500
1036,coast line,2,0.00510,1.50900,1.31000,0.91100,14,0.43250,1.74690,0.15490,1.19640,0.69800
1036,relaxed driving,8,0.28860,6.03100,6.31800,1.58710,52,0.87980,6.98770,0.65070,4.78300,4.48000
1036,free road,1,0.00010,0.50600,0.96700,0.41000,6,0.16700,0.92570,0.04510,0.58960,0.48800
1036,serpentine,5,1.03030,3.23600,3.39200,0.00110,38,0.65900,4.20850,0.37430,2.83540,2.28800
1036,highway,4,0.36550,2.61600,3.02100,0.02500,24,0.79470,3.59470,0.21370,2.61400,2.72000
1036,day time,2,0.13290,1.42500,1.14800,0.65100,0,0.19900,1.48790,0.10480,1.16910,1.18300
1036,afternoon,2,0.17920,1.28500,1.46000,0.00010,11,0.23200,1.77030,0.15230,1.21620,1.05400
1036,happy,3,1.04250,1.61900,2.01500,0.00140,0,0.47740,2.39550,0.14630,1.66750,1.73100
1036,sport driving,4,0.24360,2.32900,2.72300,0.24300,14,0.93560,3.27470,0.22440,2.37850,2.69500
1037,sunny,0,0.00000,0.00000,0.00000,0.00000,0,0.00000,0.00000,0.00000,0.00000,0.00000
1037,snowing,0,0.00000,0.00000,0.00000,0.00000,0,0.00000,0.00000,0.00000,0.00000,0.00000
1037,rainy,0,0.00000,0.00000,0.00000,0.00000,0,0.00000,0.00000,0.00000,0.00000,0.00000
1037,cloudy,1,0.06320,0.73000,0.86800,0.06610,5,0.31800,0.81690,0.02880,0.67370,0.92300
1037,traffic jam,0,0.00000,0.00000,0.00000,0.00000,0,0.00000,0.00000,0.00000,0.00000,0.00000
1037,lots of cars,1,0.04580,0.53600,0.82400,0.00020,0,0.17400,0.88990,0.07670,0.54090,0.17200
1037,sleepy,0,0.00000,0.00000,0.00000,0.00000,0,0.00000,0.00000,0.00000,0.00000,0.00000
1037,awake,1,0.14500,0.90100,0.69700,0.00000,9,0.28700,0.91400,0.28000,0.42700,0.67000
1037,city,2,0.97280,1.07500,1.15600,0.91320,2,0.53000,1.50560,0.12670,0.95420,1.06000
1037,night,1,0.92700,0.53900,0.33200,0.91300,2,0.35600,0.61570,0.05000,0.41330,0.88800
1037,morning,0,0.00000,0.00000,0.00000,0.00000,0,0.00000,0.00000,0.00000,0.00000,0.00000
1037,sad,0,0.00000,0.00000,0.00000,0.00000,0,0.00000,0.00000,0.00000,0.00000,0.00000
1037,lazy,2,0.04890,1.23200,1.74500,0.00030,0,0.25820,1.79600,0.11300,1.08180,0.88600
1037,active,0,0.00000,0.00000,0.00000,0.00000,0,0.00000,0.00000,0.00000,0.00000,0.00000
1037,urban,0,0.00000,0.00000,0.00000,0.00000,0,0.00000,0.00000,0.00000,0.00000,0.00000
1037,mountains,1,0.06320,0.73000,0.86800,0.06610,5,0.31800,0.81690,0.02880,0.67370,0.92300
1037,country side,1,0.14500,0.90100,0.69700,0.00000,9,0.28700,0.91400,0.28000,0.42700,0.67000
1037,coast line,1,0.00310,0.69600,0.92100,0.00010,0,0.08420,0.90610,0.03630,0.54090,0.71400
1037,relaxed driving,0,0.00000,0.00000,0.00000,0.00000,0,0.00000,0.00000,0.00000,0.00000,0.00000
1037,free road,0,0.00000,0.00000,0.00000,0.00000,0,0.00000,0.00000,0.00000,0.00000,0.00000
1037,serpentine,2,1.07200,1.44000,1.02900,0.91300,11,0.64300,1.52970,0.33000,0.84030,1.55800
1037,highway,0,0.00000,0.00000,0.00000,0.00000,0,0.00000,0.00000,0.00000,0.00000,0.00000
1037,day time,0,0.00000,0.00000,0.00000,0.00000,0,0.00000,0.00000,0.00000,0.00000,0.00000
1037,afternoon,0,0.00000,0.00000,0.00000,0.00000,0,0.00000,0.00000,0.00000,0.00000,0.00000
1037,happy,1,0.06320,0.73000,0.86800,0.06610,5,0.31800,0.81690,0.02880,0.67370,0.92300
1037,sport driving,1,0.00310,0.69600,0.92100,0.00010,0,0.08420,0.90610,0.03630,0.54090,0.71400
1038,sunny,0,0.00000,0.00000,0.00000,0.00000,0,0.00000,0.00000,0.00000,0.00000,0.00000
1038,snowing,1,0.62200,0.41100,0.54700,0.10400,2,0.17300,0.70410,0.04500,0.87410,0.62900
1038,rainy,0,0.00000,0.00000,0.00000,0.00000,0,0.00000,0.00000,0.00000,0.00000,0.00000
1038,cloudy,0,0.00000,0.00000,0.00000,0.00000,0,0.00000,0.00000,0.00000,0.00000,0.00000
1038,traffic jam,1,0.24000,0.63100,0.78600,0.00000,6,0.33700,0.81420,0.43700,0.42470,0.52200
1038,lots of cars,2,0.02910,1.11400,1.32200,0.01740,9,0.63100,1.71090,0.05580,0.94050,0.57600
1038,sleepy,2,0.86200,1.04200,1.33300,0.10400,8,0.51000,1.51830,0.48200,1.29880,1.15100
1038,awake,0,0.00000,0.00000,0.00000,0.00000,0,0.00000,0.00000,0.00000,0.00000,0.00000
1038,city,2,0.26780,1.07900,1.40000,0.00000,15,0.45800,1.65900,0.46400,0.79730,0.85900
1038,night,1,0.00130,0.66600,0.70800,0.01740,0,0.51000,0.86610,0.02880,0.56790,0.23900
1038,morning,0,0.00000,0.00000,0.00000,0.00000,0,0.00000,0.00000,0.00000,0.00000,0.00000
1038,sad,0,0.00000,0.00000,0.00000,0.00000,0,0.00000,0.00000,0.00000,0.00000,0.00000
1038,lazy,0,0.00000,0.00000,0.00000,0.00000,0,0.00000,0.00000,0.00000,0.00000,0.00000
1038,active,0,0.00000,0.00000,0.00000,0.00000,0,0.00000,0.00000,0.00000,0.00000,0.00000
1038,urban,0,0.00000,0.00000,0.00000,0.00000,0,0.00000,0.00000,0.00000,0.00000,0.00000
1038,mountains,1,0.00130,0.66600,0.70800,0.01740,0,0.51000,0.86610,0.02880,0.56790,0.23900
1038,country side,1,0.11300,0.56300,0.75000,0.00000,11,0.07880,0.88760,0.12700,0.79050,0.81200
1038,coast line,0,0.00000,0.00000,0.00000,0.00000,0,0.00000,0.00000,0.00000,0.00000,0.00000
1038,relaxed driving,0,0.00000,0.00000,0.00000,0.00000,0,0.00000,0.00000,0.00000,0.00000,0.00000
1038,free road,0,0.00000,0.00000,0.00000,0.00000,0,0.00000,0.00000,0.00000,0.00000,0.00000
1038,serpentine,1,0.62200,0.41100,0.54700,0.10400,2,0.17300,0.70410,0.04500,0.87410,0.62900
1038,highway,0,0.00000,0.00000,0.00000,0.00000,0,0.00000,0.00000,0.00000,0.00000,0.00000
1038,day time,0,0.00000,0.00000,0.00000,0.00000,0,0.00000,0.00000,0.00000,0.00000,0.00000
1038,afternoon,2,0.14080,1.01100,1.36400,0.00000,20,0.19980,1.73240,0.15400,1.16310,1.14900
1038,happy,0,0.00000,0.00000,0.00000,0.00000,0,0.00000,0.00000,0.00000,0.00000,0.00000
1038,sport driving,1,0.11300,0.56300,0.75000,0.00000,11,0.07880,0.88760,0.12700,0.79050,0.81200
1039,sunny,4,1.56690,2.35200,2.70400,0.91310,11,1.26240,3.23040,0.27050,2.25040,2.99200
1039,snowing,0,0.00000,0.00000,0.00000,0.00000,0,0.00000,0.00000,0.00000,0.00000,0.00000
1039,rainy,2,1.15300,1.00100,1.08600,0.81830,16,0.40700,1.47700,0.06370,1.15260,1.33700
1039,cloudy,0,0.00000,0.00000,0.00000,0.00000,0,0.00000,0.00000,0.00000,0.00000,0.00000
1039,traffic jam,0,0.00000,0.00000,0.00000,0.00000,0,0.00000,0.00000,0.00000,0.00000,0.00000
1039,lots of cars,5,0.45050,2.77700,3.41400,0.52400,17,0.95050,4.09450,0.23960,3.49410,2.65900
1039,sleepy,1,0.94600,0.30300,0.04010,0.25400,0,0.10700,0.27000,0.04760,0.47800,0.22200
1039,awake,1,0.01310,0.77700,0.72500,0.00800,0,0.24600,0.78300,0.05000,0.53030,0.52900
1039,city,3,0.19350,1.95300,2.00900,0.00030,22,0.68550,2.47310,0.09550,1.70580,1.42000
1039,night,1,0.00170,0.65900,0.76600,0.00000,5,0.38100,0.85340,0.02690,0.59640,0.43800
1039,morning,2,1.22400,0.88800,1.39600,0.81800,7,0.44600,1.58480,0.08180,1.28000,1.39900
1039,sad,2,1.18500,1.06800,1.28000,0.91300,2,0.63900,1.52750,0.09740,1.07700,1.53800
1039,lazy,2,0.08300,1.15900,1.85400,0.89700,10,0.34740,1.74850,0.09000,1.02940,1.44400
1039,active,4,1.16870,2.66400,2.82100,0.02510,21,1.99350,3.35750,0.40530,2.64030,2.75600
1039,urban,0,0.00000,0.00000,0.00000,0.00000,0,0.00000,0.00000,0.00000,0.00000,0.00000
1039,mountains,2,0.60950,1.09700,1.52100,0.89700,12,1.25000,1.60340,0.16540,1.42800,1.23900
1039,country side,1,0.02490,0.77400,0.83800,0.02500,5,0.24200,0.90220,0.11400,0.65020,0.92400
1039,coast line,1,0.00480,0.65200,0.60500,0.00000,8,0.06050,0.81570,0.03930,0.57310,0.39400
1039,relaxed driving,1,0.18700,0.64200,0.63800,0.00030,9,0.24400,0.80400,0.02930,0.53630,0.58800
1039,free road,1,0.96600,0.35900,0.44800,0.81800,7,0.16300,0.67300,0.03440,0.61630,0.74900
1039,serpentine,3,0.78140,1.36100,1.53500,0.52400,7,1.19740,2.24590,0.21560,2.45770,1.45900
1039,highway,3,0.97450,1.81900,1.51310,0.26200,7,0.42310,1.90660,0.18430,1.56720,1.52900
1039,day time,2,0.97090,1.07700,0.87810,0.27900,5,0.34900,1.17220,0.16160,1.12820,1.14600
1039,afternoon,2,0.94010,1.31600,1.05700,0.92100,2,0.60200,1.39870,0.10000,0.94360,1.41700
1039,happy,0,0.00000,0.00000,0.00000,0.00000,0,0.00000,0.00000,0.00000,0.00000,0.00000
1039,sport driving,5,0.77940,2.96200,3.68800,1.42110,25,1.22590,4.11720,0.32640,3.07910,3.32600
1040,sunny,1,0.41700,0.63700,0.69000,0.00000,9,0.21100,0.91970,0.06930,0.63790,0.10300
1040,snowing,1,0.41700,0.63700,0.69000,0.00000,9,0.21100,0.91970,0.06930,0.63790,0.10300
1040,rainy,0,0.00000,0.00000,0.00000,0.00000,0,0.00000,0.00000,0.00000,0.00000,0.00000
1040,cloudy,0,0.00000,0.00000,0.00000,0.00000,0,0.00000,0.00000,0.00000,0.00000,0.00000
1040,traffic jam,0,0.00000,0.00000,0.00000,0.00000,0,0.00000,0.00000,0.00000,0.00000,0.00000
1040,lots of cars,2,0.04880,1.43200,1.21600,0.00000,7,0.23610,1.59440,0.11310,1.07700,1.16400
1040,sleepy,1,0.94600,0.40000,0.25700,0.91400,0,0.10200,0.65420,0.04270,0.48690,0.09650
1040,awake,0,0.00000,0.00000,0.00000,0.00000,0,0.00000,0.00000,0.00000,0.00000,0.00000
1040,city,0,0.00000,0.00000,0.00000,0.00000,0,0.00000,0.00000,0.00000,0.00000,0.00000
1040,night,2,0.19140,1.18900,1.28800,0.24600,5,0.29600,1.61190,0.13840,1.02250,0.93500
1040,morning,5,0.86700,3.32700,3.67200,0.00130,27,0.37920,4.20110,0.26760,2.63090,3.49500
1040,sad,1,0.64000,0.76300,0.75800,0.00000,6,0.07060,0.87230,0.05760,0.42150,0.51500
1040,lazy,3,0.50120,2.05400,2.20200,0.01750,25,0.33720,2.64460,0.14360,1.70170,1.64500
1040,active,0,0.00000,0.00000,0.00000,0.00000,0,0.00000,0.00000,0.00000,0.00000,0.00000
1040,urban,0,0.00000,0.00000,0.00000,0.00000,0,0.00000,0.00000,0.00000,0.00000,0.00000
1040,mountains,1,0.64000,0.76300,0.75800,0.00000,6,0.07060,0.87230,0.05760,0.42150,0.51500
1040,country side,1,0.13100,0.51700,0.53500,0.00000,0,0.08500,0.69930,0.04940,0.61400,0.93300
1040,coast line,1,0.13100,0.51700,0.53500,0.00000,0,0.08500,0.69930,0.04940,0.61400,0.93300
1040,relaxed driving,2,0.02000,1.31300,1.45200,0.00000,13,0.17710,1.73560,0.11860,1.05890,1.14600
1040,free road,2,1.02200,1.13400,1.18400,0.91530,8,0.14850,1.54810,0.08470,1.02340,0.99750
1040,serpentine,1,0.03340,0.69300,0.46800,0.00000,0,0.16600,0.74080,0.02640,0.51810,0.38600
1040,highway,1,0.00460,0.57400,0.70400,0.00000,6,0.10700,0.88200,0.03190,0.50000,0.36800
1040,day time,2,0.16620,1.17900,1.40500,0.26220,13,0.20970,1.70210,0.14430,1.03170,1.19000
1040,afternoon,1,0.94600,0.40000,0.25700,0.91400,0,0.10200,0.65420,0.04270,0.48690,0.09650
1040,happy,1,0.00820,0.68300,0.58500,0.01620,8,0.07970,0.83100,0.03230,0.52730,0.64100
1040,sport driving,1,0.15800,0.49600,0.82000,0.24600,5,0.13000,0.87110,0.11200,0.50440,0.54900
1041,sunny,1,0.11100,0.76300,0.69300,0.00000,5,0.10100,0.90070,0.04380,0.52230,0.39900
1041,snowing,2,0.26110,1.22500,1.86900,0.00010,0,0.36720,1.81790,0.08370,1.20460,1.36400
1041,rainy,1,0.00010,0.50600,0.96700,0.41000,6,0.16700,0.92570,0.04510,0.58960,0.48800
1041,cloudy,0,0.00000,0.00000,0.00000,0.00000,0,0.00000,0.00000,0.00000,0.00000,0.00000
1041,traffic jam,1,0.00310,0.69600,0.92100,0.00010,0,0.08420,0.90610,0.03630,0.54090,0.71400
1041,lots of cars,0,0.00000,0.00000,0.00000,0.00000,0,0.00000,0.00000,0.00000,0.00000,0.00000
1041,sleepy,1,0.00010,0.50600,0.96700,0.41000,6,0.16700,0.92570,0.04510,0.58960,0.48800
1041,awake,0,0.00000,0.00000,0.00000,0.00000,0,0.00000,0.00000,0.00000,0.00000,0.00000
1041,city,0,0.00000,0.00000,0.00000,0.00000,0,0.00000,0.00000,0.00000,0.00000,0.00000
1041,night,3,0.11420,1.96500,2.58100,0.41010,11,0.35220,2.73250,0.12520,1.65280,1.60100
1041,morning,1,0.14700,0.58800,0.53000,0.23600,2,0.19200,0.75950,0.02620,0.48200,0.26800
1041,sad,1,0.25800,0.52900,0.94800,0.00000,0,0.28300,0.91180,0.04740,0.66370,0.65000
1041,lazy,1,0.14700,0.58800,0.53000,0.23600,2,0.19200,0.75950,0.02620,0.48200,0.26800
1041,active,0,0.00000,0.00000,0.00000,0.00000,0,0.00000,0.00000,0.00000,0.00000,0.00000
1041,urban,0,0.00000,0.00000,0.00000,0.00000,0,0.00000,0.00000,0.00000,0.00000,0.00000
1041,mountains,1,0.11100,0.76300,0.69300,0.00000,5,0.10100,0.90070,0.04380,0.52230,0.39900
1041,country side,0,0.00000,0.00000,0.00000,0.00000,0,0.00000,0.00000,0.00000,0.00000,0.00000
1041,coast line,0,0.00000,0.00000,0.00000,0.00000,0,0.00000,0.00000,0.00000,0.00000,0.00000
1041,relaxed driving,0,0.00000,0.00000,0.00000,0.00000,0,0.00000,0.00000,0.00000,0.00000,0.00000
1041,free road,0,0.00000,0.00000,0.00000,0.00000,0,0.00000,0.00000,0.00000,0.00000,0.00000
1041,serpentine,0,0.00000,0.00000,0.00000,0.00000,0,0.00000,0.00000,0.00000,0.00000,0.00000
1041,highway,0,0.00000,0.00000,0.00000,0.00000,0,0.00000,0.00000,0.00000,0.00000,0.00000
1041,day time,1,0.25800,0.52900,0.94800,0.00000,0,0.28300,0.91180,0.04740,0.66370,0.65000
1041,afternoon,0,0.00000,0.00000,0.00000,0.00000,0,0.00000,0.00000,0.00000,0.00000,0.00000
1041,happy,0,0.00000,0.00000,0.00000,0.00000,0,0.00000,0.00000,0.00000,0.00000,0.00000
1041,sport driving,1,0.14700,0.58800,0.53000,0.23600,2,0.19200,0.75950,0.02620,0.48200,0.26800
1042,sunny,2,0.17710,1.00600,1.66300,0.24600,16,0.28400,1.71550,0.15520,0.92250,0.89900
1042,snowing,2,0.42200,1.12000,1.66200,0.24600,10,0.31100,1.73900,0.14960,1.00910,0.80600
1042,rainy,0,0.00000,0.00000,0.00000,0.00000,0,0.00000,0.00000,0.00000,0.00000,0.00000
1042,cloudy,0,0.00000,0.00000,0.00000,0.00000,0,0.00000,0.00000,0.00000,0.00000,0.00000
1042,traffic jam,2,0.21680,1.00500,1.38700,0.92320,4,0.26020,1.63600,0.10640,0.95450,0.23700
1042,lots of cars,2,0.97940,1.15900,0.80200,1.60100,18,0.14390,1.51030,0.17390,0.93890,0.37500
1042,sleepy,1,0.00340,0.85000,0.54400,0.91100,9,0.05150,0.89350,0.12800,0.60000,0.26000
1042,awake,0,0.00000,0.00000,0.00000,0.00000,0,0.00000,0.00000,0.00000,0.00000,0.00000
1042,city,0,0.00000,0.00000,0.00000,0.00000,0,0.00000,0.00000,0.00000,0.00000,0.00000
1042,night,4,1.26480,2.38100,2.93100,0.00030,11,0.53360,3.38780,0.21750,1.78330,1.23500
1042,morning,0,0.00000,0.00000,0.00000,0.00000,0,0.00000,0.00000,0.00000,0.00000,0.00000
1042,sad,0,0.00000,0.00000,0.00000,0.00000,0,0.00000,0.00000,0.00000,0.00000,0.00000
1042,lazy,3,1.15350,1.39900,1.74400,1.61310,15,0.28660,2.28480,0.10770,1.33420,0.89600
1042,active,0,0.00000,0.00000,0.00000,0.00000,0,0.00000,0.00000,0.00000,0.00000,0.00000
1042,urban,1,0.17100,0.46900,0.56300,0.92300,4,0.08620,0.74610,0.02970,0.41360,0.06500
1042,mountains,2,0.06490,1.04600,1.66700,0.00020,11,0.32800,1.73430,0.11990,0.95900,0.52200
1042,country side,1,0.00650,0.62100,0.92300,0.00010,2,0.10800,0.92190,0.03210,0.58170,0.71600
1042,coast line,4,0.98060,2.35200,3.03100,0.00020,19,0.44060,3.39630,0.17850,1.73750,1.87200
1042,relaxed driving,1,0.15800,0.49600,0.82000,0.24600,5,0.13000,0.87110,0.11200,0.50440,0.54900
1042,free road,1,0.64000,0.76300,0.75800,0.00000,6,0.07060,0.87230,0.05760,0.42150,0.51500
1042,serpentine,1,0.97600,0.30900,0.25800,0.69000,9,0.09240,0.61680,0.04590,0.33890,0.11500
1042,highway,0,0.00000,0.00000,0.00000,0.00000,0,0.00000,0.00000,0.00000,0.00000,0.00000
1042,day time,0,0.00000,0.00000,0.00000,0.00000,0,0.00000,0.00000,0.00000,0.00000,0.00000
1042,afternoon,0,0.00000,0.00000,0.00000,0.00000,0,0.00000,0.00000,0.00000,0.00000,0.00000
1042,happy,0,0.00000,0.00000,0.00000,0.00000,0,0.00000,0.00000,0.00000,0.00000,0.00000
1042,sport driving,3,0.58240,1.93200,1.89300,0.91110,14,0.34050,2.51910,0.21120,1.42090,0.80800
